,City,Cloudiness,Country,Humidity,Latitude,Longitude,Max Temp,Temperature,Wind Speed,Temperature (F),Max Temp (F)
0,Husavik,53,CA,60,50.56,-96.99,20.0,19.700000000000045,6.61,67.4600000000001,68.0
1,Manoel Urbano,0,BR,48,-8.84,-69.26,31.950000000000045,31.950000000000045,0.17,89.51000000000008,89.51000000000008
2,Krasnyy Chikoy,51,RU,83,50.36,108.75,15.950000000000045,15.950000000000045,1.07,60.71000000000008,60.71000000000008
3,Half Moon Bay,90,US,100,37.46,-122.43,15.560000000000002,13.920000000000016,3.65,57.056000000000026,60.00800000000001
4,Solnechnyy,100,RU,97,50.72,136.64,18.150000000000034,18.150000000000034,0.52,64.67000000000007,64.67000000000007
5,Vondrozo,0,MG,95,-22.82,47.32,15.450000000000045,15.450000000000045,2.03,59.81000000000009,59.81000000000009
6,Mount Pleasant,1,US,73,33.16,-94.97,26.110000000000014,24.27000000000004,3.7,75.68600000000006,78.99800000000002
7,Mataura,65,NZ,95,-46.19,168.86,6.110000000000014,6.110000000000014,1.34,42.998000000000026,42.998000000000026
8,Hilo,90,US,83,19.71,-155.08,25.560000000000002,22.78000000000003,2.1,73.00400000000005,78.00800000000001
9,Ushuaia,90,AR,93,-54.81,-68.31,3.0,3.0,7.2,37.4,37.4
10,Brunico,75,IT,35,46.8,11.94,26.0,19.04000000000002,3.24,66.27200000000005,78.80000000000001
11,Port Alfred,0,ZA,26,-33.59,26.89,21.950000000000045,21.950000000000045,3.86,71.51000000000008,71.51000000000008
12,Oktyabrskiy,0,RU,72,55.61,37.97,17.0,16.0,3.0,60.8,62.6
13,Bluff,0,AU,49,-23.58,149.07,14.25,14.25,1.68,57.650000000000006,57.650000000000006
14,Dikson,100,RU,97,73.51,80.55,0.25,0.25,3.39,32.45,32.45
15,Kalengwa,0,ZM,19,-13.47,25.0,26.55000000000001,26.55000000000001,2.83,79.79000000000002,79.79000000000002
16,Ahipara,0,NZ,85,-35.17,173.16,14.75,14.75,5.66,58.55,58.55
17,Kapaa,75,US,83,22.08,-159.32,25.0,23.460000000000036,2.6,74.22800000000007,77.0
18,Punta Arenas,90,CL,100,-53.16,-70.91,4.0,3.9600000000000364,6.2,39.128000000000064,39.2
19,Barra Patuca,62,HN,78,15.8,-84.28,27.55000000000001,27.55000000000001,3.01,81.59000000000003,81.59000000000003
20,Sambalpur,75,IN,70,21.47,83.98,31.0,31.0,3.1,87.80000000000001,87.80000000000001
21,Alta Floresta,0,BR,45,-9.87,-56.08,29.0,29.0,3.1,84.2,84.2
22,Tosya,75,TR,93,41.02,34.04,16.110000000000014,16.07000000000005,6.2,60.92600000000009,60.998000000000026
23,Wamba,100,CD,93,2.14,27.99,23.150000000000034,23.150000000000034,0.35,73.67000000000007,73.67000000000007
24,Nanortalik,98,GL,91,60.14,-45.24,4.4500000000000455,4.4500000000000455,2.01,40.01000000000008,40.01000000000008
25,Djibo,0,BF,28,14.1,-1.63,35.650000000000034,35.650000000000034,1.66,96.17000000000006,96.17000000000006
26,Iqaluit,75,CA,76,63.75,-68.52,9.0,8.939999999999998,4.6,48.092,48.2
27,Shelton,90,US,65,41.32,-73.09,27.220000000000027,25.370000000000005,2.6,77.66600000000001,80.99600000000005
28,Cabo San Lucas,5,MX,61,22.89,-109.91,26.110000000000014,24.960000000000036,1.45,76.92800000000007,78.99800000000002
29,Myitkyina,100,MM,99,25.38,97.4,21.75,21.75,1.29,71.15,71.15
30,Tautira,40,PF,73,-17.73,-149.15,24.0,23.939999999999998,1.5,75.092,75.2
31,Rawson,0,AR,56,-43.3,-65.11,9.450000000000045,9.450000000000045,5.24,49.01000000000008,49.01000000000008
32,Mahebourg,20,MU,60,-20.41,57.7,24.0,23.939999999999998,5.7,75.092,75.2
33,Richards Bay,0,ZA,80,-28.77,32.06,22.25,22.25,10.65,72.05000000000001,72.05000000000001
34,Severo-Kurilsk,100,RU,95,50.68,156.12,6.050000000000011,6.050000000000011,5.66,42.89000000000002,42.89000000000002
35,Beckley,20,US,78,37.78,-81.19,26.0,23.57000000000005,2.1,74.4260000000001,78.80000000000001
36,Busselton,32,AU,70,-33.64,115.35,10.560000000000002,10.379999999999995,4.33,50.684,51.00800000000001
37,Mount Gambier,75,AU,76,-37.83,140.78,13.0,13.0,8.7,55.400000000000006,55.400000000000006
38,Butaritari,28,KI,74,3.07,172.79,29.05000000000001,29.05000000000001,4.31,84.29000000000002,84.29000000000002
39,East London,0,ZA,47,-33.02,27.91,26.0,26.0,1.5,78.80000000000001,78.80000000000001
40,Sinnamary,16,GF,77,5.38,-52.96,27.350000000000023,27.350000000000023,4.76,81.23000000000005,81.23000000000005
41,Minas,96,UY,87,-34.38,-55.24,10.0,10.0,1.5,50.0,50.0
42,Bambous Virieux,20,MU,60,-20.34,57.76,24.0,23.939999999999998,5.7,75.092,75.2
43,Barabai,45,ID,92,-2.59,115.38,23.05000000000001,23.05000000000001,0.95,73.49000000000002,73.49000000000002
44,Katsuura,75,JP,100,33.93,134.5,24.0,22.560000000000002,2.6,72.608,75.2
45,Roald,31,NO,77,62.58,6.12,21.110000000000014,17.510000000000048,7.7,63.518000000000086,69.99800000000002
46,Viterbo,20,IT,28,42.42,12.1,33.33000000000004,29.83000000000004,4.75,85.69400000000007,91.99400000000009
47,Sola,55,TZ,29,-3.17,33.8,28.75,28.75,4.5,83.75,83.75
48,Isparta,75,TR,21,37.77,30.56,33.0,33.0,13.9,91.4,91.4
49,Ilulissat,90,GL,87,69.22,-51.1,6.0,6.0,2.1,42.8,42.8
50,Biak,100,ID,98,-0.91,122.88,16.450000000000045,16.450000000000045,1.82,61.610000000000085,61.610000000000085
51,Provideniya,0,RU,59,64.42,-173.23,16.650000000000034,16.650000000000034,0.86,61.97000000000006,61.97000000000006
52,Maun,0,BW,17,-19.99,23.42,29.0,29.0,1.5,84.2,84.2
53,Ugoofaaru,100,MV,67,5.67,73.0,29.05000000000001,29.05000000000001,1.76,84.29000000000002,84.29000000000002
54,Kodiak,1,US,73,39.95,-94.76,22.78000000000003,21.410000000000025,4.1,70.53800000000004,73.00400000000005
55,Faya,40,SA,27,18.39,42.45,28.0,26.54000000000002,3.1,79.77200000000005,82.4
56,Norman Wells,75,CA,87,65.28,-126.83,12.0,12.0,7.2,53.6,53.6
57,Tuktoyaktuk,75,CA,86,69.44,-133.03,5.0,5.0,6.2,41.0,41.0
58,Khashuri,91,GE,91,42.0,43.6,20.850000000000023,20.850000000000023,2.6,69.53000000000004,69.53000000000004
59,Cranbrook,75,CA,93,49.51,-115.76,13.0,11.840000000000032,2.1,53.312000000000054,55.400000000000006
60,Esperance,40,AU,93,-33.86,121.89,10.0,10.0,2.6,50.0,50.0
61,Basco,1,US,78,40.33,-91.2,23.33000000000004,22.75,4.6,72.95,73.99400000000009
62,Upernavik,100,GL,79,72.79,-56.15,6.550000000000011,6.550000000000011,0.64,43.79000000000002,43.79000000000002
63,Guia Lopes da Laguna,0,BR,46,-21.46,-56.11,24.75,24.75,3.87,76.55000000000001,76.55000000000001
64,Cape Town,20,ZA,67,-33.93,18.42,17.220000000000027,17.0,5.7,62.6,62.99600000000005
65,New Norfolk,75,AU,61,-42.78,147.06,9.0,8.010000000000048,4.6,46.418000000000085,48.2
66,Yuanping,21,CN,84,38.72,112.71,14.550000000000011,14.550000000000011,0.98,58.190000000000026,58.190000000000026
67,Hermanus,43,ZA,81,-34.42,19.24,17.220000000000027,16.730000000000018,4.02,62.11400000000003,62.99600000000005
68,Jamestown,100,AU,87,-33.21,138.6,10.75,10.75,8.05,51.35,51.35
69,Vardo,90,US,78,39.62,-77.74,27.78000000000003,25.680000000000007,1.5,78.22400000000002,82.00400000000005
70,Castro,90,CL,100,-42.48,-73.76,7.0,7.0,4.6,44.6,44.6
71,Strezhevoy,0,RU,64,60.73,77.6,24.0,24.0,3.0,75.2,75.2
72,Puchezh,100,RU,71,56.98,43.17,15.25,15.25,3.08,59.45,59.45
73,Vestmannaeyjar,75,IS,87,63.44,-20.27,12.0,12.0,7.7,53.6,53.6
74,Longyearbyen,75,NO,87,78.22,15.63,7.0,7.0,6.7,44.6,44.6
75,Kalabo,0,ZM,10,-15.0,22.67,28.75,28.75,3.85,83.75,83.75
76,Vaini,75,IN,94,15.34,74.49,24.0,24.0,3.1,75.2,75.2
77,Burnie,100,AU,89,-41.05,145.91,8.890000000000043,8.890000000000043,3.13,48.00200000000008,48.00200000000008
78,Minab,0,IR,35,27.15,57.07,38.0,36.82000000000005,4.1,98.2760000000001,100.4
79,Ostrovnoy,100,RU,93,68.05,39.51,4.25,4.25,13.31,39.65,39.65
80,Cuenca,20,EC,87,-2.9,-79.0,9.0,9.0,1.0,48.2,48.2
81,Albany,75,US,69,42.65,-73.75,26.670000000000016,24.660000000000025,5.1,76.38800000000005,80.00600000000003
82,Port-Cartier,75,CA,55,50.03,-66.88,17.220000000000027,16.650000000000034,5.7,61.97000000000006,62.99600000000005
83,Awbari,0,LY,6,26.59,12.77,40.25,40.25,4.98,104.45,104.45
84,Togur,0,RU,66,58.36,82.83,18.350000000000023,18.350000000000023,2.88,65.03000000000004,65.03000000000004
85,Los Alamos,0,US,48,35.88,-106.3,22.220000000000027,20.310000000000002,2.6,68.558,71.99600000000005
86,Cordele,40,US,78,31.96,-83.78,29.439999999999998,27.189999999999998,2.6,80.94200000000001,84.99199999999999
87,Port Elizabeth,1,US,78,39.31,-74.98,29.439999999999998,26.74000000000001,2.1,80.13200000000002,84.99199999999999
88,Elizabeth City,75,US,78,36.3,-76.22,29.439999999999998,28.08000000000004,5.1,82.54400000000007,84.99199999999999
89,Methoni,20,GR,30,36.82,21.7,34.0,34.0,4.6,93.2,93.2
90,Zhigansk,54,RU,55,66.77,123.37,19.05000000000001,19.05000000000001,2.06,66.29000000000002,66.29000000000002
91,Hasaki,90,JP,100,35.73,140.83,19.0,18.74000000000001,0.5,65.73200000000003,66.2
92,Tual,36,ID,79,-5.67,132.75,25.450000000000045,25.450000000000045,8.71,77.81000000000009,77.81000000000009
93,Sao Filipe,63,CV,84,14.9,-24.5,22.350000000000023,22.350000000000023,5.73,72.23000000000005,72.23000000000005
94,Isangel,75,VU,79,-19.55,169.27,23.450000000000045,23.450000000000045,4.11,74.2100000000001,74.2100000000001
95,Fortuna,0,ES,28,38.18,-1.13,35.56,32.02000000000004,3.1,89.63600000000008,96.00800000000001
96,Maua,76,KE,85,0.23,37.94,12.450000000000045,12.450000000000045,4.65,54.41000000000008,54.41000000000008
97,Severobaykalsk,28,RU,67,55.65,109.32,15.350000000000023,15.350000000000023,2.55,59.63000000000004,59.63000000000004
98,Chilca,33,PE,35,-13.22,-72.34,5.0,5.0,1.0,41.0,41.0
99,Komsomolskiy,18,RU,75,67.55,63.78,19.05000000000001,19.05000000000001,2.65,66.29000000000002,66.29000000000002
100,Guangyuan,100,CN,98,32.43,105.86,17.450000000000045,17.450000000000045,1.31,63.41000000000008,63.41000000000008
101,Qaanaaq,9,GL,46,77.48,-69.36,7.4500000000000455,7.4500000000000455,3.53,45.41000000000008,45.41000000000008
102,Karasuk,0,RU,64,53.73,78.03,19.55000000000001,19.55000000000001,3.52,67.19000000000003,67.19000000000003
103,Egvekinot,0,RU,39,66.32,-179.17,16.950000000000045,16.950000000000045,1.45,62.51000000000008,62.51000000000008
104,Hobart,75,AU,61,-42.88,147.33,9.0,8.010000000000048,4.6,46.418000000000085,48.2
105,Lebu,34,ET,68,8.96,38.73,19.350000000000023,19.350000000000023,3.57,66.83000000000004,66.83000000000004
106,Mar del Plata,12,AR,68,-46.43,-67.52,5.050000000000011,5.050000000000011,5.6,41.09000000000002,41.09000000000002
107,Tasiilaq,40,GL,81,65.61,-37.64,7.0,7.0,4.6,44.6,44.6
108,Faanui,0,PF,67,-16.48,-151.75,25.450000000000045,25.450000000000045,3.76,77.81000000000009,77.81000000000009
109,Lompoc,90,US,100,34.64,-120.46,14.0,13.129999999999995,4.39,55.63399999999999,57.2
110,Avarua,1,CK,93,-21.21,-159.78,19.0,19.0,1.0,66.2,66.2
111,Bathsheba,20,BB,62,13.22,-59.52,30.0,30.0,9.3,86.0,86.0
112,Kabul,0,AF,11,34.53,69.18,33.0,32.54000000000002,8.2,90.57200000000003,91.4
113,Taltal,17,CL,80,-25.41,-70.49,12.650000000000034,12.650000000000034,1.9,54.77000000000007,54.77000000000007
114,Eureka,75,US,93,40.8,-124.16,16.110000000000014,14.150000000000034,2.43,57.47000000000006,60.998000000000026
115,Atuona,100,PF,75,-9.8,-139.03,27.25,27.25,8.77,81.05000000000001,81.05000000000001
116,Woodburn,0,AU,81,-29.07,153.34,12.78000000000003,11.260000000000048,3.6,52.268000000000086,55.004000000000055
117,Bredasdorp,0,ZA,59,-34.53,20.04,19.0,17.28000000000003,6.7,63.104000000000056,66.2
118,Chifeng,51,CN,76,42.27,118.96,17.25,17.25,2.07,63.05,63.05
119,Mufumbwe,0,ZM,19,-13.68,24.8,26.75,26.75,3.05,80.15,80.15
120,Aklavik,90,CA,81,68.22,-135.01,7.0,7.0,4.1,44.6,44.6
121,Batagay-Alyta,69,RU,74,67.8,130.41,12.650000000000034,12.650000000000034,1.16,54.77000000000007,54.77000000000007
122,Paamiut,100,GL,90,61.99,-49.67,5.850000000000023,5.850000000000023,2.32,42.530000000000044,42.530000000000044
123,Comodoro Rivadavia,0,AR,81,-45.87,-67.48,6.0,6.0,0.5,42.8,42.8
124,Namibe,9,AO,88,-15.19,12.15,19.05000000000001,19.05000000000001,5.36,66.29000000000002,66.29000000000002
125,Agadez,62,NE,37,16.97,7.99,37.0,37.0,7.2,98.60000000000001,98.60000000000001
126,Mahanoro,36,MG,88,-19.9,48.8,18.25,18.25,0.37,64.85,64.85
127,Rikitea,100,PF,82,-23.12,-134.97,22.950000000000045,22.950000000000045,7.1,73.31000000000009,73.31000000000009
128,Kavieng,100,PG,72,-2.57,150.8,28.450000000000045,28.450000000000045,4.53,83.2100000000001,83.2100000000001
129,Port-Gentil,75,GA,74,-0.72,8.78,27.0,27.0,6.2,80.6,80.6
130,Ancud,90,CL,100,-41.87,-73.83,7.0,7.0,4.6,44.6,44.6
131,Hovd,0,NO,67,63.83,10.7,18.33000000000004,15.78000000000003,3.6,60.40400000000005,64.99400000000009
132,Torbay,90,CA,93,47.66,-52.73,11.0,10.180000000000007,4.1,50.32400000000001,51.8
133,Yellowknife,40,CA,76,62.45,-114.38,12.0,11.82000000000005,1.5,53.276000000000096,53.6
134,Naliya,12,IN,79,23.26,68.83,28.950000000000045,28.950000000000045,10.48,84.11000000000008,84.11000000000008
135,San Cristobal,73,HN,58,14.68,-86.92,25.75,25.75,2.28,78.35,78.35
136,Barranca,100,PE,87,-10.75,-77.76,16.950000000000045,16.950000000000045,5.43,62.51000000000008,62.51000000000008
137,Kavaratti,100,IN,80,10.57,72.64,28.850000000000023,28.850000000000023,5.32,83.93000000000004,83.93000000000004
138,Bethel,75,US,93,60.79,-161.76,18.0,17.350000000000023,2.1,63.23000000000005,64.4
139,Yar-Sale,100,RU,90,66.83,70.83,17.25,17.25,4.51,63.05,63.05
140,Hami,100,CN,30,42.84,93.51,27.05000000000001,27.05000000000001,4.43,80.69000000000003,80.69000000000003
141,De Aar,0,ZA,13,-30.65,24.01,20.05000000000001,20.05000000000001,5.61,68.09000000000003,68.09000000000003
142,Kudowa-Zdroj,0,PL,29,50.44,16.24,25.560000000000002,22.650000000000034,5.1,72.77000000000007,78.00800000000001
143,Veraval,0,FR,42,49.65,0.71,28.890000000000043,25.900000000000034,3.1,78.62000000000006,84.00200000000008
144,Kahului,1,US,65,20.89,-156.47,26.0,23.200000000000045,3.1,73.76000000000008,78.80000000000001
145,La Ronge,90,CA,100,55.1,-105.3,13.0,13.0,3.6,55.400000000000006,55.400000000000006
146,Balkanabat,0,TM,43,39.51,54.36,33.35000000000002,33.35000000000002,5.5,92.03000000000004,92.03000000000004
147,Ratnagiri,100,IN,86,16.98,73.3,27.75,27.75,6.18,81.95,81.95
148,Puerto Penasco,97,MX,42,31.32,-113.53,28.890000000000043,28.890000000000043,2.24,84.00200000000008,84.00200000000008
149,Tiksi,80,RU,60,71.64,128.87,11.950000000000045,11.950000000000045,3.32,53.51000000000008,53.51000000000008
150,Erdenet,94,MN,77,49.03,104.04,16.850000000000023,16.850000000000023,2.16,62.33000000000004,62.33000000000004
151,Pevek,67,RU,65,69.7,170.27,8.75,8.75,2.27,47.75,47.75
152,Boyuibe,0,BO,94,-20.43,-63.28,20.0,20.0,2.72,68.0,68.0
153,Georgetown,75,GY,100,6.8,-58.16,27.0,26.07000000000005,2.1,78.9260000000001,80.6
154,Sitka,6,US,79,37.17,-99.65,21.110000000000014,21.110000000000014,0.96,69.99800000000002,69.99800000000002
155,Carnarvon,0,ZA,15,-30.97,22.13,19.450000000000045,19.450000000000045,6.16,67.01000000000008,67.01000000000008
156,Mangalam,75,IN,49,12.6,80.07,33.0,33.0,5.1,91.4,91.4
157,Puerto Ayora,75,EC,78,-0.74,-90.35,22.0,21.55000000000001,6.7,70.79000000000002,71.6
158,Ponta do Sol,0,BR,38,-20.63,-46.0,22.25,22.25,0.65,72.05000000000001,72.05000000000001
159,Turukhansk,22,RU,61,65.8,87.96,14.450000000000045,14.450000000000045,2.66,58.01000000000008,58.01000000000008
160,Buford,75,US,69,32.46,-100.86,25.560000000000002,23.670000000000016,4.6,74.60600000000002,78.00800000000001
161,Sanchez,20,DO,83,19.23,-69.61,27.0,26.49000000000001,4.0,79.68200000000002,80.6
162,Cherskiy,100,RU,39,68.75,161.3,22.75,22.75,2.3,72.95,72.95
163,Goiatuba,0,BR,33,-18.02,-49.36,24.950000000000045,24.950000000000045,3.2,76.91000000000008,76.91000000000008
164,Cidreira,100,BR,61,-30.17,-50.22,20.150000000000034,20.150000000000034,1.2,68.27000000000007,68.27000000000007
165,Gaya,90,IN,79,24.8,85.01,30.0,30.0,2.1,86.0,86.0
166,Thompson,90,CA,93,55.74,-97.86,12.0,12.0,2.6,53.6,53.6
167,Airai,0,TL,78,-8.93,125.41,19.950000000000045,19.950000000000045,2.57,67.91000000000008,67.91000000000008
168,Hamilton,90,CA,88,43.26,-79.87,26.670000000000016,24.810000000000002,5.1,76.65800000000002,80.00600000000003
169,Ribeira Grande,20,PT,78,38.52,-28.7,23.0,23.0,3.1,73.4,73.4
170,Chistogorskiy,0,RU,80,53.98,87.38,16.150000000000034,16.150000000000034,3.26,61.070000000000064,61.070000000000064
171,Sao Gabriel da Cachoeira,40,BR,94,-0.13,-67.09,24.0,24.0,1.0,75.2,75.2
172,Houma,100,CN,53,35.63,111.36,24.450000000000045,24.450000000000045,1.79,76.01000000000008,76.01000000000008
173,Khatanga,24,RU,56,71.98,102.47,11.050000000000011,11.050000000000011,3.74,51.89000000000002,51.89000000000002
174,Chabahar,0,IR,66,25.29,60.65,33.0,33.0,4.1,91.4,91.4
175,Barrow,100,AR,68,-38.31,-60.23,12.75,12.75,1.88,54.95,54.95
176,Saint-Joseph,0,FR,69,43.56,6.97,32.0,28.30000000000001,3.6,82.94000000000003,89.6
177,Isahaya,88,JP,88,32.87,130.06,23.890000000000043,23.890000000000043,4.47,75.00200000000008,75.00200000000008
178,Cerritos,75,US,93,33.86,-118.05,19.0,17.52000000000004,1.17,63.53600000000007,66.2
179,Santa Ana,65,MX,22,30.54,-111.12,30.950000000000045,30.950000000000045,1.98,87.7100000000001,87.7100000000001
180,Ngora,51,UG,78,1.46,33.78,23.75,23.75,2.11,74.75,74.75
181,Lyuban,100,BY,80,52.8,28.0,17.850000000000023,17.850000000000023,3.89,64.13000000000005,64.13000000000005
182,Saint-Augustin,90,CA,93,45.63,-73.98,22.78000000000003,20.30000000000001,4.1,68.54000000000002,73.00400000000005
183,Lagoa,0,PT,42,37.14,-8.45,31.670000000000016,27.340000000000032,6.2,81.21200000000006,89.00600000000003
184,Nemuro,100,JP,88,43.32,145.57,11.150000000000034,11.150000000000034,5.39,52.070000000000064,52.070000000000064
185,Broome,40,GB,50,52.47,1.45,25.560000000000002,23.80000000000001,3.6,74.84000000000003,78.00800000000001
186,Guerrero Negro,0,MX,86,27.97,-114.04,19.25,19.25,7.36,66.65,66.65
187,Muzhi,63,RU,62,65.4,64.7,19.75,19.75,9.39,67.55000000000001,67.55000000000001
188,Bontang,19,ID,93,0.12,117.47,22.75,22.75,1.13,72.95,72.95
189,Beloha,52,MG,74,-25.17,45.06,18.650000000000034,18.650000000000034,2.69,65.57000000000006,65.57000000000006
190,Luderitz,0,NA,87,-26.65,15.16,13.0,13.0,4.6,55.400000000000006,55.400000000000006
191,Aksu,0,KZ,29,52.04,76.93,26.0,26.0,6.0,78.80000000000001,78.80000000000001
192,Port Said,0,EG,9,25.34,30.55,40.450000000000045,40.450000000000045,5.97,104.81000000000009,104.81000000000009
193,Nuuk,90,GL,87,64.17,-51.74,7.0,6.830000000000041,2.1,44.294000000000075,44.6
194,Victoria,75,BN,83,5.28,115.24,27.78000000000003,26.58000000000004,1.0,79.84400000000008,82.00400000000005
195,Dao,27,PH,86,11.39,122.69,24.850000000000023,24.850000000000023,0.87,76.73000000000005,76.73000000000005
196,Margate,75,AU,61,-43.03,147.26,9.0,8.020000000000039,4.6,46.43600000000007,48.2
197,Praya,40,ID,83,-8.71,116.27,24.0,24.0,4.97,75.2,75.2
198,Korem,71,ET,39,12.51,39.52,22.450000000000045,22.450000000000045,6.04,72.41000000000008,72.41000000000008
199,Coquimbo,75,CL,93,-29.95,-71.34,8.0,8.0,1.5,46.4,46.4
200,Bubaque,100,GW,82,11.28,-15.83,26.650000000000034,26.650000000000034,5.22,79.97000000000006,79.97000000000006
201,Zalantun,100,CN,89,48.0,122.72,15.450000000000045,15.450000000000045,1.59,59.81000000000009,59.81000000000009
202,Elko,1,US,54,40.83,-115.76,17.78000000000003,15.710000000000036,1.09,60.27800000000006,64.00400000000005
203,Asopos,75,GR,78,36.73,22.85,25.0,25.0,7.7,77.0,77.0
204,Fort Nelson,20,CA,81,58.81,-122.69,11.0,11.0,2.6,51.8,51.8
205,Dingle,4,PH,87,11.0,122.67,24.450000000000045,24.450000000000045,1.18,76.01000000000008,76.01000000000008
206,Genhe,37,CN,67,50.78,121.52,15.550000000000011,15.550000000000011,1.0,59.99000000000002,59.99000000000002
207,Wick,75,GB,56,51.45,-2.43,23.890000000000043,22.02000000000004,6.7,71.63600000000008,75.00200000000008
208,Caravelas,30,BR,65,-17.73,-39.27,23.950000000000045,23.950000000000045,2.06,75.11000000000008,75.11000000000008
209,Santa Maria do Para,1,BR,53,-1.35,-47.58,31.150000000000034,31.150000000000034,2.39,88.07000000000006,88.07000000000006
210,Lavrentiya,21,RU,63,65.58,-170.99,13.550000000000011,13.550000000000011,1.87,56.39000000000002,56.39000000000002
211,Opunake,39,NZ,64,-39.45,173.86,12.220000000000027,10.740000000000009,1.79,51.33200000000002,53.99600000000005
212,Takoradi,100,GH,70,4.89,-1.75,26.650000000000034,26.650000000000034,4.25,79.97000000000006,79.97000000000006
213,Dovers,40,VC,83,12.88,-61.18,28.0,28.0,4.6,82.4,82.4
214,Giehun,71,SL,91,8.17,-11.09,26.05000000000001,26.05000000000001,1.95,78.89000000000001,78.89000000000001
215,Nikolskoye,75,RU,47,59.7,30.79,14.0,12.980000000000018,3.0,55.36400000000003,57.2
216,Tessalit,0,ML,11,20.2,1.01,42.650000000000034,42.650000000000034,6.86,108.77000000000007,108.77000000000007
217,Saint-Philippe,90,CA,88,45.36,-73.48,23.890000000000043,20.590000000000032,2.6,69.06200000000007,75.00200000000008
218,Playa del Carmen,75,MX,79,20.63,-87.08,30.0,29.110000000000014,2.1,84.39800000000002,86.0
219,Khor,100,RU,89,47.88,134.96,19.25,19.25,0.9,66.65,66.65
220,Otta,85,NG,76,6.68,3.23,27.05000000000001,27.05000000000001,5.04,80.69000000000003,80.69000000000003
221,Baykit,6,RU,87,61.68,96.39,9.850000000000023,9.850000000000023,2.03,49.73000000000005,49.73000000000005
222,Dharmadam,75,IN,100,11.78,75.43,24.0,24.0,2.1,75.2,75.2
223,Mombetsu,90,JP,82,44.35,143.35,13.890000000000043,13.890000000000043,0.45,57.00200000000008,57.00200000000008
224,Saint George,40,GR,37,39.45,22.34,28.0,27.230000000000018,4.6,81.01400000000004,82.4
225,Chokurdakh,100,RU,91,70.62,147.9,16.05000000000001,16.05000000000001,2.11,60.89000000000002,60.89000000000002
226,Peniche,0,PT,48,39.36,-9.38,37.78000000000003,32.650000000000034,5.1,90.77000000000007,100.00400000000006
227,Springville,1,US,55,40.17,-111.61,25.0,22.400000000000034,2.1,72.32000000000006,77.0
228,Salalah,90,OM,88,17.01,54.1,28.0,28.0,5.1,82.4,82.4
229,Hithadhoo,44,MV,72,-0.6,73.08,29.350000000000023,29.350000000000023,4.15,84.83000000000004,84.83000000000004
230,Port Hardy,90,CA,100,50.7,-127.42,14.0,14.0,1.0,57.2,57.2
231,Arraial do Cabo,0,BR,60,-22.97,-42.02,23.0,23.0,2.1,73.4,73.4
232,Sao Sebastiao,40,BR,83,-3.15,-58.36,28.0,28.0,1.0,82.4,82.4
233,Shahrud,37,IR,29,36.42,54.97,22.05000000000001,22.05000000000001,2.49,71.69000000000003,71.69000000000003
234,Ormara,17,PK,76,25.21,64.64,28.55000000000001,28.55000000000001,5.23,83.39000000000001,83.39000000000001
235,Vega de Alatorre,0,MX,61,20.03,-96.65,29.25,29.25,0.95,84.65,84.65
236,Adrar,0,DZ,9,27.87,-0.29,47.0,47.0,0.41,116.60000000000001,116.60000000000001
237,Erzin,0,TR,52,36.95,36.2,33.0,31.950000000000045,10.8,89.51000000000008,91.4
238,Puerto Castilla,0,ES,23,40.29,-5.63,35.0,35.0,0.45,95.0,95.0
239,Codrington,0,AU,81,-28.95,153.24,12.78000000000003,11.460000000000036,3.6,52.62800000000007,55.004000000000055
240,Pforzheim,40,DE,87,48.89,8.7,19.439999999999998,17.25,2.1,63.05,66.99199999999999
241,Ozu,35,JP,78,33.51,132.54,26.670000000000016,26.670000000000016,1.04,80.00600000000003,80.00600000000003
242,Mehamn,0,NO,47,71.03,27.85,13.0,10.75,6.2,51.35,55.400000000000006
243,Tocopilla,59,CL,84,-22.09,-70.2,14.650000000000034,14.650000000000034,4.13,58.37000000000006,58.37000000000006
244,Havre-Saint-Pierre,40,CA,62,50.23,-63.6,14.0,14.0,1.55,57.2,57.2
245,Virginia Beach,20,US,83,36.85,-75.98,29.439999999999998,28.140000000000043,4.1,82.65200000000007,84.99199999999999
246,Utete,7,TZ,44,-7.99,38.76,28.450000000000045,28.450000000000045,4.49,83.2100000000001,83.2100000000001
247,Itoman,40,JP,88,26.12,127.67,28.0,27.200000000000045,6.2,80.9600000000001,82.4
248,Deputatskiy,39,RU,88,69.3,139.9,13.150000000000034,13.150000000000034,1.88,55.67000000000006,55.67000000000006
249,Camacha,40,PT,49,33.08,-16.33,23.0,21.140000000000043,7.7,70.05200000000008,73.4
250,Pisco,90,PE,30,-13.71,-76.2,22.0,18.420000000000016,9.17,65.15600000000003,71.6
251,Bandar,90,BD,100,22.29,91.78,27.0,27.0,2.6,80.6,80.6
252,Kletskaya,100,RU,70,49.31,43.06,18.890000000000043,18.890000000000043,2.24,66.00200000000008,66.00200000000008
253,Atar,94,MR,12,20.52,-13.05,38.25,38.25,2.72,100.85000000000001,100.85000000000001
254,Lorengau,95,PG,82,-2.02,147.27,25.150000000000034,25.150000000000034,1.2,77.27000000000007,77.27000000000007
255,Udachnyy,90,RU,33,66.42,112.4,24.0,24.0,2.0,75.2,75.2
256,Bereda,0,ES,73,43.27,-7.54,31.670000000000016,26.160000000000025,4.6,79.08800000000005,89.00600000000003
257,Chuy,100,UY,77,-33.69,-53.46,15.150000000000034,15.150000000000034,2.35,59.27000000000007,59.27000000000007
258,Tiznit,3,MA,77,29.7,-9.73,20.75,20.75,3.07,69.35,69.35
259,Neuquen,100,AR,54,-38.95,-68.06,10.650000000000034,10.650000000000034,4.8,51.17000000000006,51.17000000000006
260,Karratha,100,AU,25,-20.74,116.85,22.75,22.75,4.7,72.95,72.95
261,Ibia,100,NG,84,5.18,6.32,25.850000000000023,25.850000000000023,4.1,78.53000000000004,78.53000000000004
262,Kizema,100,RU,75,61.11,44.83,10.050000000000011,10.050000000000011,1.74,50.09000000000002,50.09000000000002
263,Rio Gallegos,90,AR,93,-51.62,-69.22,2.0,2.0,1.0,35.6,35.6
264,Canto do Buriti,20,BR,47,-8.11,-42.94,29.150000000000034,29.150000000000034,5.85,84.47000000000006,84.47000000000006
265,Souillac,0,FR,35,45.6,-0.6,30.0,29.620000000000005,4.6,85.316,86.0
266,Krasnozerskoye,0,RU,71,53.98,79.24,17.850000000000023,17.850000000000023,3.32,64.13000000000005,64.13000000000005
267,Novo Cruzeiro,0,BR,46,-17.47,-41.88,23.05000000000001,23.05000000000001,1.96,73.49000000000002,73.49000000000002
268,Hambantota,20,LK,89,6.12,81.12,29.0,29.0,2.6,84.2,84.2
269,Vila Velha,75,BR,78,-3.71,-38.6,30.0,27.32000000000005,5.7,81.1760000000001,86.0
270,Isfana,0,KG,13,39.84,69.53,38.0,38.0,3.0,100.4,100.4
271,Mitu,29,IR,13,36.2,46.09,32.35000000000002,32.35000000000002,6.8,90.23000000000005,90.23000000000005
272,Byron Bay,0,AU,81,-28.65,153.62,12.78000000000003,11.120000000000005,3.1,52.016000000000005,55.004000000000055
273,Bodden Town,40,KY,83,19.28,-81.25,28.33000000000004,28.200000000000045,4.6,82.76000000000008,82.99400000000009
274,Altay,82,CN,76,47.83,88.13,8.350000000000023,8.350000000000023,1.65,47.030000000000044,47.030000000000044
275,Geraldton,5,CA,76,49.72,-86.95,12.0,12.0,5.7,53.6,53.6
276,Hokitika,99,NZ,77,-42.72,170.96,9.450000000000045,9.450000000000045,4.22,49.01000000000008,49.01000000000008
277,Iskateley,90,RU,91,67.68,53.15,9.650000000000034,9.650000000000034,7.21,49.37000000000006,49.37000000000006
278,Santa Maria del Oro,45,MX,54,25.95,-105.37,22.350000000000023,22.350000000000023,2.6,72.23000000000005,72.23000000000005
279,Finschhafen,100,PG,99,-6.6,147.85,16.950000000000045,16.950000000000045,1.17,62.51000000000008,62.51000000000008
280,Santa Cruz,13,BR,37,-6.22,-36.02,30.450000000000045,30.450000000000045,6.28,86.81000000000009,86.81000000000009
281,Kimbe,100,PG,81,-5.56,150.15,22.25,22.25,2.56,72.05000000000001,72.05000000000001
282,Puerto Leguizamo,94,CO,65,-0.19,-74.78,27.850000000000023,27.850000000000023,0.89,82.13000000000005,82.13000000000005
283,Nieuw Amsterdam,40,SR,78,5.88,-55.08,28.890000000000043,28.30000000000001,2.1,82.94000000000003,84.00200000000008
284,Nishihara,75,JP,93,35.74,139.53,20.560000000000002,19.010000000000048,3.1,66.21800000000009,69.00800000000001
285,Bonthe,100,SL,86,7.53,-12.5,25.75,25.75,5.74,78.35,78.35
286,Saskylakh,100,RU,93,71.97,114.09,12.25,12.25,0.91,54.05,54.05
287,Bonavista,100,CA,81,48.65,-53.11,9.439999999999998,9.439999999999998,2.68,48.992,48.992
288,Dengfeng,100,CN,64,34.46,113.03,23.650000000000034,23.650000000000034,2.03,74.57000000000006,74.57000000000006
289,Gwadar,9,PK,81,25.12,62.33,29.150000000000034,29.150000000000034,5.9,84.47000000000006,84.47000000000006
290,Alofi,47,NU,100,-19.06,-169.92,23.0,23.0,4.6,73.4,73.4
291,Jeremie,21,HT,73,18.65,-74.12,28.150000000000034,28.150000000000034,2.82,82.67000000000007,82.67000000000007
292,Santa Rosa,100,AR,54,-36.62,-64.29,13.25,13.25,0.53,55.85,55.85
293,Witu,75,KE,63,-2.39,40.44,28.0,28.0,3.6,82.4,82.4
294,Tomigusuku,40,JP,88,26.18,127.67,28.0,27.200000000000045,6.2,80.9600000000001,82.4
295,Alihe,43,CN,83,50.57,123.73,16.350000000000023,16.350000000000023,1.01,61.43000000000004,61.43000000000004
296,Akhisar,40,TR,54,38.92,27.84,26.0,26.0,7.2,78.80000000000001,78.80000000000001
297,Zhob,0,PK,21,31.34,69.45,30.75,30.75,5.72,87.35,87.35
298,Portland,90,US,82,43.66,-70.25,22.78000000000003,20.370000000000005,3.6,68.66600000000001,73.00400000000005
299,Tema,75,GH,69,5.66,-0.01,28.0,28.0,4.6,82.4,82.4
300,Banjar,93,ID,94,-7.37,108.54,21.350000000000023,21.350000000000023,0.64,70.43000000000004,70.43000000000004
301,Namatanai,100,PG,81,-3.66,152.44,25.650000000000034,25.650000000000034,8.73,78.17000000000007,78.17000000000007
302,Tabas,1,IR,9,33.6,56.92,45.0,45.0,3.1,113.0,113.0
303,Nyuksenitsa,92,RU,64,60.41,44.24,11.350000000000023,11.350000000000023,2.29,52.43000000000004,52.43000000000004
304,Coihaique,90,CL,93,-45.58,-72.07,4.0,1.3900000000000432,0.73,34.50200000000008,39.2
305,Kulhudhuffushi,100,MV,66,6.62,73.07,28.850000000000023,28.850000000000023,0.97,83.93000000000004,83.93000000000004
306,Kropotkin,99,RU,78,45.43,40.58,19.150000000000034,19.150000000000034,4.61,66.47000000000006,66.47000000000006
307,Vanavara,82,RU,61,60.35,102.28,16.05000000000001,16.05000000000001,2.95,60.89000000000002,60.89000000000002
308,Kutum,89,SD,48,14.2,24.66,27.05000000000001,27.05000000000001,6.38,80.69000000000003,80.69000000000003
309,Fort Wayne,1,US,64,41.08,-85.14,27.78000000000003,25.28000000000003,2.1,77.50400000000005,82.00400000000005
310,College,90,US,93,64.86,-147.8,18.890000000000043,16.660000000000025,2.1,61.98800000000004,66.00200000000008
311,Batagay,0,RU,68,67.65,134.64,15.850000000000023,15.850000000000023,0.76,60.530000000000044,60.530000000000044
312,Padang,6,ID,70,-0.92,100.36,29.25,29.25,1.52,84.65,84.65
313,Booue,100,GA,80,-0.09,11.94,23.950000000000045,23.950000000000045,0.9,75.11000000000008,75.11000000000008
314,Vostochnyy,40,RU,63,55.82,37.87,17.0,16.0,4.0,60.8,62.6
315,Puri,33,ID,85,-7.54,112.45,21.850000000000023,21.850000000000023,4.51,71.33000000000004,71.33000000000004
316,Pacific Grove,1,US,87,36.62,-121.92,15.560000000000002,13.700000000000045,4.42,56.66000000000008,60.00800000000001
317,Avera,90,US,94,33.19,-82.53,27.78000000000003,26.360000000000014,3.6,79.44800000000004,82.00400000000005
318,Shiraz,20,IR,8,29.61,52.54,38.0,38.0,4.1,100.4,100.4
319,Kupang,20,ID,69,-10.16,123.6,25.0,25.0,5.1,77.0,77.0
320,Arlit,36,NE,8,18.74,7.39,43.25,43.25,4.42,109.85000000000001,109.85000000000001
321,Inhambane,0,MZ,54,-23.87,35.38,27.0,27.0,4.1,80.6,80.6
322,Havoysund,0,NO,47,71.0,24.66,15.0,15.0,2.6,59.0,59.0
323,Cradock,0,ZA,16,-32.16,25.62,18.950000000000045,18.950000000000045,4.56,66.11000000000008,66.11000000000008
324,Itarema,57,BR,50,-2.92,-39.92,30.950000000000045,30.950000000000045,5.88,87.7100000000001,87.7100000000001
325,Umm Lajj,0,SA,75,25.02,37.27,30.350000000000023,30.350000000000023,0.29,86.63000000000005,86.63000000000005
326,Broken Hill,40,AU,54,-31.97,141.45,14.0,14.0,5.1,57.2,57.2
327,Lingao,100,CN,74,19.91,109.69,30.450000000000045,30.450000000000045,4.14,86.81000000000009,86.81000000000009
328,Alugan,100,PH,91,12.22,125.48,24.150000000000034,24.150000000000034,1.04,75.47000000000006,75.47000000000006
329,Guarapari,40,BR,60,-20.67,-40.5,24.0,23.939999999999998,3.6,75.092,75.2
330,Tsaratanana,59,MG,57,-16.8,47.65,21.25,21.25,2.24,70.25,70.25
331,Harnosand,0,SE,55,62.63,17.94,20.0,17.680000000000007,4.1,63.82400000000001,68.0
332,Manado,40,ID,94,1.49,124.85,23.0,23.0,3.29,73.4,73.4
333,Yatou,75,CM,83,3.63,9.81,27.0,27.0,2.1,80.6,80.6
334,Gerash,0,IR,23,27.67,54.14,41.0,41.0,3.1,105.8,105.8
335,Prince Rupert,90,CA,82,54.32,-130.32,16.0,16.0,3.1,60.8,60.8
336,Saldanha,0,PT,20,41.42,-6.55,34.05000000000001,34.05000000000001,1.91,93.29000000000002,93.29000000000002
337,Barcelos,0,BR,72,-0.97,-62.93,29.25,29.25,0.3,84.65,84.65
338,Naze,98,NG,87,5.43,7.07,25.05000000000001,25.05000000000001,2.23,77.09000000000003,77.09000000000003
339,Aranda de Duero,0,ES,19,41.67,-3.69,31.350000000000023,31.350000000000023,3.07,88.43000000000004,88.43000000000004
340,Marsa Matruh,0,EG,77,31.35,27.25,27.450000000000045,27.450000000000045,4.8,81.41000000000008,81.41000000000008
341,Saint-Leu,20,RE,69,-21.15,55.28,25.0,22.29000000000002,2.1,72.12200000000004,77.0
342,Port Hedland,100,AU,32,-20.31,118.58,20.0,20.0,4.1,68.0,68.0
343,Camopi,15,GF,91,3.17,-52.33,26.350000000000023,26.350000000000023,1.95,79.43000000000004,79.43000000000004
344,Miraflores,0,PE,19,-16.39,-71.52,14.0,14.0,1.5,57.2,57.2
345,Kruisfontein,0,ZA,71,-34.0,24.73,14.950000000000045,14.950000000000045,4.68,58.91000000000008,58.91000000000008
346,Middle Island,1,US,69,40.88,-72.94,27.78000000000003,25.870000000000005,5.7,78.566,82.00400000000005
347,Dakar,20,SN,69,14.69,-17.45,29.0,28.54000000000002,5.1,83.37200000000004,84.2
348,Tuy Hoa,7,VN,69,13.08,109.3,26.150000000000034,26.150000000000034,1.63,79.07000000000006,79.07000000000006
349,Lodja,100,CD,47,-3.52,23.6,29.450000000000045,29.450000000000045,1.59,85.01000000000008,85.01000000000008
350,Mahibadhoo,100,MV,63,3.78,72.97,29.350000000000023,29.350000000000023,1.66,84.83000000000004,84.83000000000004
351,Tilichiki,0,RU,95,60.47,166.1,8.150000000000034,8.150000000000034,1.87,46.67000000000006,46.67000000000006
352,Piacabucu,0,BR,85,-10.41,-36.43,25.05000000000001,25.05000000000001,5.88,77.09000000000003,77.09000000000003
353,Port Augusta,75,AU,82,-32.49,137.76,13.0,12.590000000000032,4.1,54.66200000000006,55.400000000000006
354,Ucluelet,75,CA,100,48.94,-125.55,15.560000000000002,15.129999999999995,1.5,59.233999999999995,60.00800000000001
355,Matamoros,1,US,94,25.87,-97.51,29.439999999999998,27.33000000000004,2.56,81.19400000000007,84.99199999999999
356,Lakes Entrance,50,AU,62,-37.88,147.99,12.220000000000027,11.330000000000041,6.63,52.39400000000008,53.99600000000005
357,Buchanan,90,LR,100,5.88,-10.05,24.0,24.0,6.83,75.2,75.2
358,Hidalgo,1,US,88,26.1,-98.26,28.33000000000004,27.27000000000004,3.1,81.08600000000007,82.99400000000009
359,Progreso,0,UY,82,-34.68,-56.22,13.330000000000041,13.120000000000005,2.1,55.616000000000014,55.99400000000007
360,Tuatapere,93,NZ,95,-46.13,167.69,6.110000000000014,6.110000000000014,1.34,42.998000000000026,42.998000000000026
361,Ouango,49,CD,93,4.31,22.55,24.850000000000023,24.850000000000023,1.27,76.73000000000005,76.73000000000005
362,Oytal,0,KZ,21,42.91,73.27,29.25,29.25,5.22,84.65,84.65
363,Sorland,90,NO,81,67.67,12.69,14.0,13.189999999999998,1.0,55.742,57.2
364,Petropavlovskoye,90,RU,93,46.79,142.5,12.0,12.0,1.0,53.6,53.6
365,Tanete,10,ID,75,-3.94,119.78,26.350000000000023,26.350000000000023,9.54,79.43000000000004,79.43000000000004
366,Berlevag,0,NO,76,70.86,29.09,13.0,11.260000000000048,6.7,52.268000000000086,55.400000000000006
367,Talnakh,0,RU,51,69.49,88.39,15.0,15.0,3.0,59.0,59.0
368,Minas Novas,0,BR,36,-17.22,-42.59,24.650000000000034,24.650000000000034,2.2,76.37000000000006,76.37000000000006
369,Nantucket,90,US,100,41.28,-70.1,25.0,22.140000000000043,3.6,71.85200000000009,77.0
370,Pietermaritzburg,0,ZA,76,-29.6,30.38,22.220000000000027,22.220000000000027,1.95,71.99600000000005,71.99600000000005
371,Labuhan,6,ID,94,-2.54,115.51,22.150000000000034,22.150000000000034,1.02,71.87000000000006,71.87000000000006
372,Puerto Escondido,75,MX,88,15.86,-97.07,23.0,23.0,4.1,73.4,73.4
373,Voh,55,NC,75,-20.95,164.69,20.05000000000001,20.05000000000001,2.39,68.09000000000003,68.09000000000003
374,Jalu,0,LY,9,29.03,21.55,42.25,42.25,5.09,108.05,108.05
375,Poum,20,MK,27,41.28,20.71,24.0,24.0,1.0,75.2,75.2
376,Tera,20,CY,52,34.97,32.42,33.0,31.840000000000032,8.7,89.31200000000007,91.4
377,Port Blair,100,IN,80,11.67,92.75,28.55000000000001,28.55000000000001,5.26,83.39000000000001,83.39000000000001
378,Grand Gaube,20,MU,60,-20.01,57.66,24.0,23.950000000000045,5.7,75.11000000000008,75.2
379,Vao,56,EE,52,59.1,26.19,13.050000000000011,13.050000000000011,3.57,55.49000000000002,55.49000000000002
380,Taoudenni,0,ML,9,22.68,-3.98,44.450000000000045,44.450000000000045,5.3,112.01000000000009,112.01000000000009
381,Porto Novo,97,BR,60,-23.68,-45.44,20.75,20.75,2.96,69.35,69.35
382,Inta,100,RU,60,66.04,60.13,19.05000000000001,19.05000000000001,8.39,66.29000000000002,66.29000000000002
383,Mawlaik,100,MM,93,23.63,94.42,22.850000000000023,22.850000000000023,1.92,73.13000000000005,73.13000000000005
384,Rio Grande,100,BR,93,-32.03,-52.1,14.0,14.0,1.47,57.2,57.2
385,Moldova Sulita,100,RO,59,47.68,25.25,15.0,15.0,2.05,59.0,59.0
386,Newport,75,GB,56,51.59,-3.0,23.890000000000043,21.689999999999998,6.7,71.042,75.00200000000008
387,Megion,0,RU,64,61.04,76.11,24.0,24.0,3.0,75.2,75.2
388,Vostok,87,RU,93,46.45,135.83,16.850000000000023,16.850000000000023,1.31,62.33000000000004,62.33000000000004
389,Ulaangom,100,MN,80,49.98,92.07,14.850000000000023,14.850000000000023,3.21,58.73000000000005,58.73000000000005
390,Lakatoro,100,VU,82,-16.11,167.42,25.75,25.75,6.98,78.35,78.35
391,Bojnurd,40,IR,24,37.47,57.33,34.0,34.0,6.2,93.2,93.2
392,Cayenne,40,GF,83,4.94,-52.33,27.0,27.0,2.1,80.6,80.6
393,Moron,21,HT,73,18.56,-74.26,28.150000000000034,28.150000000000034,2.82,82.67000000000007,82.67000000000007
394,Vanimo,91,PG,70,-2.67,141.3,27.650000000000034,27.650000000000034,1.11,81.77000000000007,81.77000000000007
395,Sterling,75,US,74,39.0,-77.4,28.0,26.379999999999995,2.6,79.484,82.4
396,Kloulklubed,75,PW,83,7.04,134.26,27.0,27.0,4.1,80.6,80.6
397,Wanning,75,AT,37,48.64,13.53,24.439999999999998,22.810000000000002,2.1,73.058,75.99199999999999
398,Koshurnikovo,98,RU,75,54.3,93.39,13.75,13.75,2.28,56.75,56.75
399,San Patricio,3,PY,62,-26.98,-56.83,23.150000000000034,23.150000000000034,3.63,73.67000000000007,73.67000000000007
400,Dudinka,0,RU,51,69.41,86.18,15.0,15.0,3.0,59.0,59.0
401,Flin Flon,90,CA,93,54.77,-101.88,13.0,13.0,3.1,55.400000000000006,55.400000000000006
402,Kudahuvadhoo,100,MV,69,2.67,72.89,29.150000000000034,29.150000000000034,2.75,84.47000000000006,84.47000000000006
403,Acapulco,75,MX,83,16.86,-99.88,26.0,26.0,0.83,78.80000000000001,78.80000000000001
404,Flinders,75,AU,50,-34.58,150.85,15.0,13.430000000000007,6.7,56.174000000000014,59.0
405,Jizan,20,SA,44,16.89,42.56,37.0,37.0,9.3,98.60000000000001,98.60000000000001
406,Pianoro,0,IT,44,44.39,11.34,30.0,26.970000000000027,4.6,80.54600000000005,86.0
407,Ekhabi,100,RU,95,53.51,142.97,10.950000000000045,10.950000000000045,1.27,51.71000000000008,51.71000000000008
408,Gorontalo,100,ID,94,0.54,123.06,22.650000000000034,22.650000000000034,2.3,72.77000000000007,72.77000000000007
409,Shitanjing,100,CN,28,39.23,106.34,25.560000000000002,25.560000000000002,1.34,78.00800000000001,78.00800000000001
410,Roebourne,99,AU,25,-20.77,117.15,22.350000000000023,22.350000000000023,5.64,72.23000000000005,72.23000000000005
411,Santa Lucia,20,IT,40,41.98,12.66,33.33000000000004,28.610000000000014,2.6,83.49800000000002,91.99400000000009
412,Linxia,97,CN,73,35.6,103.21,10.350000000000023,10.350000000000023,1.92,50.63000000000004,50.63000000000004
413,Launceston,75,AU,81,-41.43,147.14,10.0,8.350000000000023,7.7,47.030000000000044,50.0
414,Constitucion,20,MX,76,23.99,-104.67,20.0,16.920000000000016,5.99,62.45600000000003,68.0
415,Kempsey,0,AU,58,-31.08,152.84,14.439999999999998,11.850000000000023,0.45,53.33000000000004,57.992
416,Fresnillo,40,MX,38,23.17,-102.87,15.0,15.0,1.92,59.0,59.0
417,Carbondale,1,US,83,38.82,-95.69,23.33000000000004,22.33000000000004,3.1,72.19400000000007,73.99400000000009
418,Seoul,90,KR,88,37.57,126.98,22.0,20.82000000000005,0.5,69.47600000000008,71.6
419,Bintulu,75,MY,79,3.17,113.03,29.0,29.0,1.0,84.2,84.2
420,Yumen,0,CN,17,40.29,97.04,26.650000000000034,26.650000000000034,5.41,79.97000000000006,79.97000000000006
421,Klaksvik,90,FO,100,62.23,-6.59,11.0,11.0,6.7,51.8,51.8
422,Sokur,0,RU,46,55.21,83.32,22.0,22.0,3.0,71.6,71.6
423,Vila Franca do Campo,20,PT,83,37.72,-25.43,22.0,22.0,4.6,71.6,71.6
424,Ilhabela,97,BR,60,-23.78,-45.36,20.75,20.75,2.96,69.35,69.35
425,Brandfort,0,ZA,16,-28.7,26.46,23.0,23.0,3.1,73.4,73.4
426,Angoche,34,MZ,77,-16.23,39.91,21.450000000000045,21.450000000000045,3.3,70.61000000000008,70.61000000000008
427,Diglur,100,IN,82,18.55,77.6,25.650000000000034,25.650000000000034,3.44,78.17000000000007,78.17000000000007
428,Bhatkal,100,IN,81,13.97,74.57,26.75,26.75,2.15,80.15,80.15
429,Waipawa,0,NZ,82,-39.94,176.59,10.0,10.0,4.02,50.0,50.0
430,Necochea,100,AR,68,-38.55,-58.74,12.650000000000034,12.650000000000034,1.88,54.77000000000007,54.77000000000007
431,Metro,37,ID,90,-5.11,105.31,22.350000000000023,22.350000000000023,1.36,72.23000000000005,72.23000000000005
432,Alice Springs,97,AU,42,-23.7,133.88,9.0,9.0,1.0,48.2,48.2
433,Sorong,100,ID,90,-0.86,131.25,23.55000000000001,23.55000000000001,3.05,74.39000000000001,74.39000000000001
434,Viedma,100,AR,53,-40.81,-62.99,12.950000000000045,12.950000000000045,3.49,55.31000000000009,55.31000000000009
435,Xuddur,100,SO,49,4.12,43.89,28.950000000000045,28.950000000000045,8.57,84.11000000000008,84.11000000000008
436,Huarmey,100,PE,88,-10.07,-78.15,17.150000000000034,17.150000000000034,5.64,62.87000000000006,62.87000000000006
437,Torzhok,100,RU,62,57.04,34.97,12.450000000000045,12.450000000000045,3.82,54.41000000000008,54.41000000000008
438,Erenhot,15,CN,27,43.65,111.97,26.150000000000034,26.150000000000034,2.46,79.07000000000006,79.07000000000006
439,Palmer,75,AU,87,-34.85,139.16,13.330000000000041,12.610000000000014,8.2,54.69800000000002,55.99400000000007
440,Ayios Yeoryios,75,GR,60,38.4,22.93,25.0,23.57000000000005,3.6,74.4260000000001,77.0
441,Ust-Omchug,47,RU,71,61.13,149.63,12.75,12.75,1.8,54.95,54.95
442,Sur,50,OM,46,22.57,59.53,32.150000000000034,32.150000000000034,1.58,89.87000000000006,89.87000000000006
443,Quelimane,20,MZ,57,-17.88,36.89,26.0,26.0,3.1,78.80000000000001,78.80000000000001
444,Los Llanos de Aridane,20,ES,65,28.66,-17.92,25.0,25.0,5.7,77.0,77.0
445,Saint-Louis,40,SN,66,16.03,-16.5,29.0,29.0,4.1,84.2,84.2
446,Nakhon Phanom,40,LA,88,17.4,104.79,28.0,28.0,2.1,82.4,82.4
447,Novo Aripuana,6,BR,52,-5.12,-60.38,31.25,31.25,1.85,88.25,88.25
448,Le Port,20,FR,33,42.87,1.37,31.0,27.180000000000007,5.1,80.924,87.80000000000001
449,Kaitangata,42,NZ,89,-46.28,169.85,7.220000000000027,7.220000000000027,0.45,44.99600000000005,44.99600000000005
450,Shelburne,20,CA,83,44.08,-80.2,25.0,24.090000000000032,3.6,75.36200000000005,77.0
451,Lata,98,IN,98,30.78,78.62,8.650000000000034,8.650000000000034,1.98,47.570000000000064,47.570000000000064
452,Kargil,87,PK,41,34.56,76.13,15.850000000000023,15.850000000000023,3.07,60.530000000000044,60.530000000000044
453,Tomatlan,100,MX,86,19.93,-105.25,26.25,26.25,1.62,79.25,79.25
454,Fukue,75,JP,83,35.03,136.69,22.0,20.450000000000045,4.6,68.81000000000009,71.6
455,Bamako,40,ML,55,12.65,-8.0,31.0,31.0,3.1,87.80000000000001,87.80000000000001
456,Mosjoen,20,NO,67,65.84,13.19,16.0,13.220000000000027,4.1,55.79600000000005,60.8
457,Coihueco,90,CL,100,-36.63,-71.83,12.78000000000003,10.050000000000011,0.93,50.09000000000002,55.004000000000055
458,Nurota,32,UZ,11,40.56,65.69,41.0,41.0,4.1,105.8,105.8
459,Mogadishu,40,SO,66,2.04,45.34,29.0,29.0,5.7,84.2,84.2
460,Show Low,1,US,34,34.25,-110.03,19.0,17.230000000000018,1.6,63.01400000000004,66.2
461,Pemba,40,MZ,100,-12.97,40.52,26.0,26.0,9.3,78.80000000000001,78.80000000000001
462,Ca Mau,97,VN,80,9.18,105.15,26.450000000000045,26.450000000000045,1.9,79.61000000000008,79.61000000000008
463,Bingol,20,TR,18,38.88,40.49,34.0,33.93000000000001,4.6,93.07400000000001,93.2
464,Brusyliv,20,UA,52,50.28,29.52,20.0,19.510000000000048,4.0,67.11800000000008,68.0
465,Mutuipe,64,BR,57,-13.23,-39.5,25.450000000000045,25.450000000000045,2.05,77.81000000000009,77.81000000000009
466,Srednekolymsk,99,RU,38,67.46,153.71,21.650000000000034,21.650000000000034,2.04,70.97000000000006,70.97000000000006
467,Kuusamo,75,FI,50,65.96,29.19,12.0,12.0,4.1,53.6,53.6
468,Leningradskiy,52,RU,70,69.38,178.42,8.75,8.75,3.45,47.75,47.75
469,Mount Isa,93,AU,39,-20.73,139.49,10.0,10.0,4.44,50.0,50.0
470,Zyryanka,2,RU,57,65.73,150.89,19.05000000000001,19.05000000000001,1.74,66.29000000000002,66.29000000000002
471,Brzesko,40,PL,42,49.97,20.61,20.560000000000002,19.07000000000005,5.7,66.32600000000009,69.00800000000001
472,Port Lincoln,100,AU,76,-34.72,135.86,14.550000000000011,14.550000000000011,14.69,58.190000000000026,58.190000000000026
473,Kemin,0,KG,38,42.79,75.7,18.450000000000045,18.450000000000045,5.28,65.2100000000001,65.2100000000001
474,Lasa,20,CY,52,34.92,32.53,33.0,31.860000000000014,8.7,89.34800000000003,91.4
475,Boden,0,SE,62,65.83,21.69,15.0,15.0,3.6,59.0,59.0
476,Polovinnoye,100,RU,73,54.79,65.99,21.55000000000001,21.55000000000001,3.29,70.79000000000002,70.79000000000002
477,Pusad,100,IN,76,19.91,77.57,25.850000000000023,25.850000000000023,6.44,78.53000000000004,78.53000000000004
478,Amaigbo,100,NG,91,5.78,7.83,25.150000000000034,25.150000000000034,1.94,77.27000000000007,77.27000000000007
479,Amapa,20,HN,83,15.09,-87.97,28.33000000000004,26.80000000000001,1.0,80.24000000000002,82.99400000000009
480,Ketchikan,90,US,100,55.34,-131.65,15.0,15.0,3.6,59.0,59.0
481,Manggar,35,ID,90,-2.88,108.27,24.75,24.75,1.79,76.55000000000001,76.55000000000001
482,Shingu,95,JP,99,33.72,135.99,20.850000000000023,20.850000000000023,1.22,69.53000000000004,69.53000000000004
483,Molokovo,74,RU,55,58.16,36.77,11.350000000000023,11.350000000000023,2.46,52.43000000000004,52.43000000000004
484,Linhares,1,BR,48,-19.38,-40.06,26.55000000000001,26.55000000000001,1.06,79.79000000000002,79.79000000000002
485,La Asuncion,100,AR,29,-26.05,-65.39,18.950000000000045,18.950000000000045,1.21,66.11000000000008,66.11000000000008
486,Bandarbeyla,60,SO,44,9.49,50.81,31.350000000000023,31.350000000000023,10.23,88.43000000000004,88.43000000000004
487,Rabo de Peixe,20,PT,83,37.8,-25.58,22.0,22.0,4.6,71.6,71.6
488,Singapore,75,MY,74,1.29,103.85,30.0,28.960000000000036,2.6,84.12800000000007,86.0
489,Yerbogachen,14,RU,87,61.28,108.01,16.450000000000045,16.450000000000045,2.41,61.610000000000085,61.610000000000085
490,Helmstedt,90,DE,56,52.23,11.01,23.890000000000043,22.03000000000003,1.5,71.65400000000005,75.00200000000008
491,Juneau,90,US,77,58.3,-134.42,17.0,15.480000000000018,6.2,59.86400000000003,62.6
492,Westport,20,US,65,41.14,-73.36,28.33000000000004,26.110000000000014,4.1,78.99800000000002,82.99400000000009
493,Gamba,84,CN,66,28.28,88.52,7.9500000000000455,7.9500000000000455,3.19,46.31000000000008,46.31000000000008
494,Kalmunai,100,LK,74,7.42,81.82,27.850000000000023,27.850000000000023,3.38,82.13000000000005,82.13000000000005
495,Siyabuswa,0,ZA,13,-25.11,29.06,22.650000000000034,22.650000000000034,2.91,72.77000000000007,72.77000000000007
496,Chicama,20,PE,93,-7.84,-79.15,17.0,17.0,2.1,62.6,62.6
497,Liverpool,40,GB,73,53.41,-2.98,22.78000000000003,20.900000000000034,8.7,69.62000000000006,73.00400000000005
498,Ozernovskiy,100,RU,99,51.5,156.52,5.650000000000034,5.650000000000034,1.0,42.17000000000006,42.17000000000006
499,Te Anau,100,NZ,81,-45.41,167.72,6.25,6.25,1.37,43.25,43.25
500,Yulara,100,AU,25,-25.24,130.99,12.0,12.0,3.6,53.6,53.6
501,Belmonte,0,PT,27,40.36,-7.35,35.0,32.48000000000002,2.26,90.46400000000003,95.0
502,Hofn,40,IS,67,64.25,-15.21,15.0,15.0,3.6,59.0,59.0
503,Verdun,0,FR,37,49.16,5.39,29.439999999999998,24.910000000000025,2.6,76.83800000000005,84.99199999999999
504,Aripuana,0,BR,43,-9.17,-60.63,32.85000000000002,32.85000000000002,1.25,91.13000000000005,91.13000000000005
505,Katiola,90,CI,65,8.14,-5.1,28.650000000000034,28.650000000000034,1.76,83.57000000000006,83.57000000000006
506,Nikki,100,BJ,79,9.94,3.21,24.950000000000045,24.950000000000045,2.84,76.91000000000008,76.91000000000008
507,Saint Anthony,1,US,76,43.97,-111.68,16.0,14.140000000000043,2.1,57.45200000000008,60.8
508,Wanlaweyn,99,SO,60,2.62,44.89,28.25,28.25,8.11,82.85,82.85
509,Boguchany,45,RU,62,58.38,97.46,16.05000000000001,16.05000000000001,2.09,60.89000000000002,60.89000000000002
510,Sibolga,100,ID,67,1.74,98.78,29.650000000000034,29.650000000000034,0.61,85.37000000000006,85.37000000000006
511,Arrifes,20,PT,83,37.77,-25.7,22.0,22.0,4.6,71.6,71.6
512,Mandan,1,US,93,46.83,-100.89,21.110000000000014,19.700000000000045,4.1,67.4600000000001,69.99800000000002
513,Kungurtug,100,RU,95,50.6,97.53,13.050000000000011,13.050000000000011,1.2,55.49000000000002,55.49000000000002
514,Itupiranga,75,BR,74,-5.13,-49.33,27.0,27.0,1.0,80.6,80.6
515,Zacualpan,75,MX,100,21.25,-105.17,25.0,23.07000000000005,1.1,73.5260000000001,77.0
516,Ruwi,82,OM,66,23.6,58.55,33.0,33.0,4.1,91.4,91.4
517,Murgab,0,TM,12,37.5,61.97,41.0,41.0,4.1,105.8,105.8
518,Ust-Maya,99,RU,88,60.42,134.54,18.150000000000034,18.150000000000034,1.42,64.67000000000007,64.67000000000007
519,Ngunguru,0,NZ,95,-35.62,174.5,8.890000000000043,8.890000000000043,0.75,48.00200000000008,48.00200000000008
520,Ginir,0,ET,81,7.14,40.71,17.75,17.75,3.01,63.95,63.95
521,Illapel,100,CL,68,-31.63,-71.17,12.450000000000045,12.450000000000045,1.59,54.41000000000008,54.41000000000008
522,Goulburn,100,AU,80,-34.75,149.72,9.439999999999998,8.890000000000043,1.34,48.00200000000008,48.992
523,Marawi,83,PH,90,8.0,124.29,25.0,25.0,1.34,77.0,77.0
524,Inirida,99,CO,79,3.87,-67.92,25.950000000000045,25.950000000000045,1.01,78.7100000000001,78.7100000000001
525,Calvinia,0,ZA,27,-31.47,19.78,18.650000000000034,18.650000000000034,4.68,65.57000000000006,65.57000000000006
526,Olinda,90,AU,71,-37.84,145.39,12.78000000000003,11.230000000000018,4.6,52.214000000000034,55.004000000000055
527,Maymyo,90,MM,70,22.03,96.47,28.55000000000001,28.55000000000001,8.42,83.39000000000001,83.39000000000001
528,Laguna,40,BZ,83,16.17,-88.94,27.0,27.0,0.53,80.6,80.6
529,Wajir,75,KE,34,1.75,40.07,35.0,35.0,4.1,95.0,95.0
530,Iracoubo,2,GF,76,5.48,-53.21,28.25,28.25,2.64,82.85,82.85
531,Narsaq,75,GL,75,60.91,-46.05,8.0,8.0,1.5,46.4,46.4
532,Rivne,40,UA,55,50.62,26.25,20.560000000000002,20.090000000000032,5.0,68.16200000000006,69.00800000000001
533,Ciudad Bolivar,6,VE,58,8.12,-63.55,29.450000000000045,29.450000000000045,4.25,85.01000000000008,85.01000000000008
534,Vancouver,75,CA,93,49.26,-123.12,17.220000000000027,15.600000000000023,1.5,60.08000000000004,62.99600000000005
535,Tarauaca,0,BR,51,-8.16,-70.77,31.350000000000023,31.350000000000023,0.52,88.43000000000004,88.43000000000004
536,Charagua,0,BO,94,-19.79,-63.2,20.0,20.0,1.78,68.0,68.0
537,Plettenberg Bay,0,ZA,76,-34.05,23.37,14.650000000000034,14.650000000000034,3.55,58.37000000000006,58.37000000000006
538,Shubarkuduk,99,KZ,38,49.15,56.49,28.75,28.75,3.08,83.75,83.75
539,Dobryatino,52,RU,83,55.51,41.32,16.25,16.25,1.74,61.25,61.25
540,Jacareacanga,0,BR,46,-6.22,-57.76,31.25,31.25,2.12,88.25,88.25
541,Mgandu,66,TZ,33,-5.96,34.11,25.25,25.25,3.78,77.45,77.45
542,Cumberland,90,US,94,41.97,-71.43,25.0,23.560000000000002,2.6,74.40800000000002,77.0
543,Portobelo,75,PA,88,9.55,-79.65,26.670000000000016,26.230000000000018,1.5,79.21400000000003,80.00600000000003
544,Kindu,90,CD,44,-2.95,25.92,30.950000000000045,30.950000000000045,0.52,87.7100000000001,87.7100000000001
545,Halifax,20,CA,63,44.65,-63.58,20.0,18.960000000000036,3.1,66.12800000000007,68.0
546,Redlands,1,US,77,34.06,-117.19,23.890000000000043,18.77000000000004,0.53,65.78600000000007,75.00200000000008
547,Mao,40,DO,88,19.55,-71.08,30.0,28.629999999999995,3.6,83.53399999999999,86.0
548,Touros,75,BR,55,-5.2,-35.46,32.0,32.0,6.2,89.6,89.6
549,Labytnangi,100,RU,87,66.66,66.39,15.650000000000034,15.650000000000034,0.95,60.17000000000006,60.17000000000006
550,Vallenar,99,CL,52,-28.58,-70.76,15.650000000000034,15.650000000000034,0.68,60.17000000000006,60.17000000000006
551,Khao Yoi,100,TH,78,13.24,99.82,24.850000000000023,24.850000000000023,2.7,76.73000000000005,76.73000000000005
552,Chapais,20,CA,73,49.78,-74.86,21.0,21.0,7.2,69.80000000000001,69.80000000000001
553,Beringovskiy,0,RU,82,63.05,179.32,11.650000000000034,11.650000000000034,0.92,52.97000000000006,52.97000000000006
554,Teguise,40,ES,51,29.06,-13.56,27.0,27.0,7.2,80.6,80.6
555,La Colorada,44,PA,75,8.02,-80.98,28.25,28.25,0.9,82.85,82.85
556,Ilebo,100,CD,35,-4.33,20.59,32.05000000000001,32.05000000000001,0.66,89.69000000000003,89.69000000000003
557,Mingyue,100,CN,97,43.11,128.91,14.050000000000011,14.050000000000011,0.53,57.29000000000002,57.29000000000002
558,Anchorage,90,US,87,61.22,-149.89,15.0,13.510000000000048,1.01,56.31800000000008,59.0
559,Kapit,77,MY,98,2.02,112.94,23.55000000000001,23.55000000000001,0.45,74.39000000000001,74.39000000000001
560,Igrim,35,RU,42,63.19,64.42,23.25,23.25,3.72,73.85,73.85
561,Nome,1,US,100,30.04,-94.42,27.78000000000003,26.220000000000027,2.6,79.19600000000005,82.00400000000005
562,Wronki,0,PL,33,52.71,16.37,27.220000000000027,24.07000000000005,2.6,75.32600000000009,80.99600000000005
563,Tornio,75,FI,50,61.12,27.27,16.670000000000016,13.590000000000032,3.6,56.46200000000006,62.00600000000003
564,Muravlenko,100,RU,73,63.79,74.5,19.450000000000045,19.450000000000045,8.24,67.01000000000008,67.01000000000008
565,Sanghar,0,IN,22,29.48,73.93,41.75,41.75,5.61,107.15,107.15
566,Pangkalanbuun,41,ID,96,-2.68,111.62,23.55000000000001,23.55000000000001,1.69,74.39000000000001,74.39000000000001
567,Ierissos,19,GR,49,40.4,23.88,28.33000000000004,25.74000000000001,3.84,78.33200000000002,82.99400000000009
568,Sao Joao da Barra,0,BR,56,-21.64,-41.05,24.0,23.52000000000004,4.1,74.33600000000007,75.2
569,Hastings,0,NZ,94,-39.64,176.84,4.9500000000000455,4.9500000000000455,1.29,40.91000000000008,40.91000000000008
570,Bangassou,48,CF,93,4.74,22.82,24.55000000000001,24.55000000000001,1.67,76.19000000000003,76.19000000000003
571,Sarangani,69,PH,72,5.4,125.46,28.350000000000023,28.350000000000023,3.87,83.03000000000004,83.03000000000004
572,Bischwiller,75,FR,60,48.77,7.86,21.110000000000014,18.99000000000001,4.1,66.18200000000002,69.99800000000002
573,Northam,10,AU,87,-31.65,116.67,11.0,11.0,0.97,51.8,51.8
574,Oussouye,75,SN,66,12.49,-16.54,32.0,32.0,4.1,89.6,89.6
575,Jatai,0,IN,27,28.97,76.18,39.450000000000045,39.450000000000045,2.66,103.01000000000009,103.01000000000009
576,Mineros,20,BO,78,-17.12,-63.23,24.0,24.0,6.2,75.2,75.2
577,Marystown,100,CA,76,47.17,-55.16,12.450000000000045,12.450000000000045,5.94,54.41000000000008,54.41000000000008
578,Modelu,75,RO,33,44.2,27.39,25.0,24.730000000000018,6.7,76.51400000000004,77.0
579,Ulladulla,75,AU,50,-35.36,150.48,15.0,12.78000000000003,6.7,55.004000000000055,59.0
580,Ndjole,99,GA,79,-0.18,10.76,24.05000000000001,24.05000000000001,1.51,75.29000000000002,75.29000000000002
581,Khandyga,1,RU,83,62.65,135.58,18.25,18.25,1.82,64.85,64.85
582,Tianpeng,100,CN,78,28.88,112.34,25.350000000000023,25.350000000000023,2.87,77.63000000000005,77.63000000000005
583,Matara,0,BI,68,-3.48,29.48,15.150000000000034,15.150000000000034,1.83,59.27000000000007,59.27000000000007
584,San Carlos de Bariloche,40,AR,92,-41.13,-71.31,-1.0,-1.0,2.6,30.2,30.2
585,Sisimiut,75,GL,93,66.94,-53.67,4.9500000000000455,4.9500000000000455,3.1,40.91000000000008,40.91000000000008
586,Maniitsoq,35,GL,84,65.42,-52.9,7.9500000000000455,7.9500000000000455,2.74,46.31000000000008,46.31000000000008
587,Henties Bay,0,NA,87,-22.12,14.28,13.890000000000043,13.890000000000043,2.68,57.00200000000008,57.00200000000008
588,Carutapera,16,BR,88,-1.2,-46.02,26.950000000000045,26.950000000000045,2.71,80.51000000000008,80.51000000000008
589,Faro,0,PT,42,37.02,-7.94,31.670000000000016,27.24000000000001,6.2,81.03200000000001,89.00600000000003
590,Pontes e Lacerda,0,BR,28,-15.23,-59.33,32.150000000000034,32.150000000000034,1.84,89.87000000000006,89.87000000000006
591,Gimli,83,CA,59,50.63,-96.99,20.560000000000002,20.260000000000048,1.34,68.46800000000009,69.00800000000001
592,Auki,72,NG,60,12.18,6.51,28.950000000000045,28.950000000000045,5.84,84.11000000000008,84.11000000000008
593,Xining,96,CN,88,36.62,101.77,6.25,6.25,1.94,43.25,43.25
594,Esso,19,RU,92,55.93,158.7,5.550000000000011,5.550000000000011,1.34,41.99000000000002,41.99000000000002
595,Isilkul,100,RU,70,54.9,71.26,21.05000000000001,21.05000000000001,4.21,69.89000000000001,69.89000000000001
596,Manta,2,RO,51,45.1,24.1,21.75,21.75,3.43,71.15,71.15
597,Vestmanna,90,FO,100,62.16,-7.17,11.0,11.0,6.7,51.8,51.8
598,Kajaani,0,FI,38,64.22,27.73,15.0,15.0,5.1,59.0,59.0
599,Shetpe,0,KZ,22,44.14,52.16,35.450000000000045,35.450000000000045,4.81,95.81000000000009,95.81000000000009
600,Pinar del Rio,100,CU,61,22.42,-83.7,30.25,30.25,3.38,86.45,86.45
601,Pierre,1,US,88,44.37,-100.35,21.670000000000016,20.160000000000025,3.6,68.28800000000004,71.00600000000003
602,Raton,1,US,82,36.9,-104.44,20.560000000000002,17.29000000000002,2.1,63.12200000000004,69.00800000000001
603,Katangli,97,RU,92,51.71,143.23,10.75,10.75,0.9,51.35,51.35
604,Kanchanaburi,100,TH,69,14.03,99.53,26.850000000000023,26.850000000000023,2.1,80.33000000000004,80.33000000000004
605,Goure,0,NE,25,13.98,10.27,37.950000000000045,37.950000000000045,7.07,100.31000000000009,100.31000000000009
606,Maragogi,20,BR,81,-9.01,-35.22,25.55000000000001,25.55000000000001,4.85,77.99000000000002,77.99000000000002
607,Harper,1,US,88,30.3,-99.24,23.890000000000043,22.460000000000036,4.04,72.42800000000007,75.00200000000008
608,Eydhafushi,100,MV,65,5.1,73.07,29.150000000000034,29.150000000000034,1.96,84.47000000000006,84.47000000000006
609,Hailin,99,CN,91,44.57,129.38,14.150000000000034,14.150000000000034,0.69,57.47000000000006,57.47000000000006
610,West Wendover,1,US,32,40.74,-114.07,21.0,21.0,1.5,69.80000000000001,69.80000000000001
611,Oranjemund,0,ZA,83,-28.55,16.43,14.050000000000011,14.050000000000011,4.03,57.29000000000002,57.29000000000002
612,Capaci,0,IT,69,38.17,13.24,30.560000000000002,28.30000000000001,3.1,82.94000000000003,87.00800000000001
613,Sept-Iles,75,CA,55,50.2,-66.38,17.220000000000027,16.650000000000034,5.7,61.97000000000006,62.99600000000005
614,El Zapote,40,GT,65,15.65,-91.92,21.350000000000023,21.350000000000023,0.85,70.43000000000004,70.43000000000004
615,Vila,40,IT,50,45.18,8.4,28.33000000000004,26.110000000000014,1.0,78.99800000000002,82.99400000000009
616,Ati,100,TD,51,13.21,18.34,31.450000000000045,31.450000000000045,9.52,88.61000000000008,88.61000000000008
617,Tosno,75,RU,47,59.54,30.88,14.0,12.79000000000002,3.0,55.022000000000034,57.2
618,Isabela,67,PH,77,10.2,122.99,27.25,27.25,2.01,81.05000000000001,81.05000000000001
619,Pangnirtung,75,CA,67,66.15,-65.72,15.0,15.0,5.1,59.0,59.0
620,Bende,20,BE,49,50.42,5.41,25.560000000000002,23.230000000000018,6.2,73.81400000000004,78.00800000000001
621,Charters Towers,9,AU,66,-20.07,146.27,16.55000000000001,16.55000000000001,4.73,61.79000000000002,61.79000000000002
622,Pachino,20,IT,43,36.72,15.09,31.0,27.05000000000001,7.7,80.69000000000003,87.80000000000001
623,Tateyama,95,JP,91,36.66,137.31,22.220000000000027,22.220000000000027,2.47,71.99600000000005,71.99600000000005
624,Soyo,64,AO,87,-6.13,12.37,22.850000000000023,22.850000000000023,7.43,73.13000000000005,73.13000000000005
625,Jinxiang,95,CN,45,35.07,116.31,30.0,30.0,3.49,86.0,86.0
626,Sale,47,AU,62,-38.11,147.06,11.670000000000016,11.120000000000005,4.07,52.016000000000005,53.00600000000003
627,Lodwar,64,KE,28,3.12,35.6,33.75,33.75,8.29,92.75,92.75
628,Abha,40,SA,27,18.22,42.5,28.0,26.560000000000002,3.1,79.808,82.4
629,Meulaboh,100,ID,64,4.14,96.13,29.75,29.75,1.38,85.55000000000001,85.55000000000001
630,Nouakchott,0,MR,51,18.08,-15.98,29.0,29.0,4.1,84.2,84.2
631,Nyurba,30,RU,59,63.29,118.35,19.55000000000001,19.55000000000001,1.36,67.19000000000003,67.19000000000003
632,Zaltan,0,LY,45,32.95,11.87,31.850000000000023,31.850000000000023,6.5,89.33000000000004,89.33000000000004
633,Deyang,100,CN,91,31.12,104.39,20.150000000000034,20.150000000000034,1.9,68.27000000000007,68.27000000000007
634,Phan Thiet,42,VN,91,10.93,108.1,24.450000000000045,24.450000000000045,2.12,76.01000000000008,76.01000000000008
635,Manavgat,40,TR,44,36.79,31.44,35.0,34.26000000000005,6.7,93.66800000000009,95.0
636,Thies,40,SN,62,14.83,-17.11,29.0,28.470000000000027,6.7,83.24600000000005,84.2
637,Capao da Canoa,68,BR,54,-29.75,-50.01,21.75,21.75,0.91,71.15,71.15
638,Gizo,0,IL,52,31.8,34.94,32.78000000000003,31.53000000000003,4.1,88.75400000000005,91.00400000000005
639,Gurkovo,40,BG,40,42.98,23.69,22.0,21.52000000000004,3.6,70.73600000000008,71.6
640,Beira,0,ES,73,43.2,-8.36,31.670000000000016,25.07000000000005,4.6,77.12600000000009,89.00600000000003
641,Khash,20,IR,8,28.22,61.21,29.350000000000023,29.350000000000023,6.1,84.83000000000004,84.83000000000004
642,Maltahohe,0,NA,9,-24.83,16.98,22.950000000000045,22.950000000000045,5.68,73.31000000000009,73.31000000000009
643,Dryden,1,CA,82,49.79,-92.84,17.0,17.0,2.1,62.6,62.6
644,Lewisporte,90,CA,100,49.25,-55.06,8.890000000000043,8.240000000000009,8.7,46.832000000000015,48.00200000000008
645,San Isidro,0,CR,69,10.02,-84.06,24.0,22.840000000000032,4.1,73.11200000000005,75.2
646,Bambari,100,CF,88,5.77,20.68,25.05000000000001,25.05000000000001,1.22,77.09000000000003,77.09000000000003
647,Zhangye,100,CN,39,38.94,100.46,20.650000000000034,20.650000000000034,2.47,69.17000000000007,69.17000000000007
648,San Jose de Tarros,40,HN,83,15.3,-88.7,27.0,27.0,1.7,80.6,80.6
649,Novikovo,37,RU,73,51.15,37.89,18.650000000000034,18.650000000000034,3.6,65.57000000000006,65.57000000000006
650,Sangar,0,RU,60,63.92,127.47,18.75,18.75,2.52,65.75,65.75
651,Santa Rosalia,0,IT,69,38.07,13.27,30.560000000000002,28.160000000000025,3.1,82.68800000000005,87.00800000000001
652,Mayo,90,CA,72,63.59,-135.9,15.0,15.0,3.1,59.0,59.0
653,Great Bend,1,US,93,38.36,-98.78,20.560000000000002,19.120000000000005,0.72,66.41600000000001,69.00800000000001
654,Barela,40,IN,70,23.1,80.05,29.0,29.0,4.1,84.2,84.2
655,Gualeguaychu,100,AR,86,-33.01,-58.51,15.560000000000002,15.07000000000005,1.34,59.12600000000009,60.00800000000001
656,Aranos,0,NA,10,-24.14,19.11,25.650000000000034,25.650000000000034,1.51,78.17000000000007,78.17000000000007
657,Zhangjiakou,23,CN,60,40.77,114.88,16.350000000000023,16.350000000000023,0.98,61.43000000000004,61.43000000000004
658,Aksarka,100,RU,76,66.56,67.8,18.950000000000045,18.950000000000045,1.18,66.11000000000008,66.11000000000008
659,Mandalgovi,58,MN,38,45.76,106.27,22.350000000000023,22.350000000000023,4.74,72.23000000000005,72.23000000000005
660,Denpasar,20,ID,83,-8.65,115.22,26.0,26.0,4.6,78.80000000000001,78.80000000000001
661,Shimoda,100,JP,96,34.7,138.93,18.890000000000043,17.200000000000045,1.79,62.96000000000008,66.00200000000008
662,Ranot,91,TH,83,7.78,100.32,26.850000000000023,26.850000000000023,2.46,80.33000000000004,80.33000000000004
663,San Antonio,90,CL,100,-33.58,-71.61,7.0,7.0,1.0,44.6,44.6
664,Rome,20,IT,42,41.89,12.48,30.560000000000002,28.350000000000023,2.6,83.03000000000004,87.00800000000001
665,Susangerd,0,IR,10,31.56,48.19,45.0,45.0,4.1,113.0,113.0
666,Fengzhen,18,CN,64,40.43,113.15,18.05000000000001,18.05000000000001,0.26,64.49000000000002,64.49000000000002
667,Nouadhibou,0,MR,54,20.93,-17.03,27.0,27.0,6.2,80.6,80.6
668,Maraa,18,BR,89,-1.83,-65.37,26.950000000000045,26.950000000000045,0.61,80.51000000000008,80.51000000000008
669,Ouro Preto do Oeste,0,BR,46,-10.75,-62.22,31.650000000000034,31.650000000000034,1.03,88.97000000000006,88.97000000000006
670,Timra,0,SE,55,62.49,17.33,20.0,17.689999999999998,4.1,63.842,68.0
671,Abdanan,0,IR,9,32.99,47.42,36.85000000000002,36.85000000000002,9.3,98.33000000000004,98.33000000000004
672,Tall Kayf,0,TR,9,37.08,41.07,41.0,40.44,8.2,104.792,105.8
673,Saint Paul,1,US,77,44.95,-93.1,21.670000000000016,19.879999999999995,2.6,67.78399999999999,71.00600000000003
674,Mahajanga,20,MG,66,-15.72,46.32,29.0,29.0,4.1,84.2,84.2
675,Nago,40,IT,44,45.88,10.89,28.0,25.629999999999995,2.1,78.13399999999999,82.4
676,Cabedelo,75,BR,88,-6.97,-34.84,25.0,25.0,5.7,77.0,77.0
677,Watsa,97,CD,95,3.04,29.53,22.75,22.75,0.81,72.95,72.95
678,Mezdra,40,BG,40,43.14,23.71,22.0,21.53000000000003,3.6,70.75400000000005,71.6
679,Prieska,0,ZA,13,-29.67,22.74,21.25,21.25,4.67,70.25,70.25
680,Ambovombe,94,MG,69,-25.18,46.09,21.950000000000045,21.950000000000045,5.47,71.51000000000008,71.51000000000008
681,Sandpoint,90,US,93,48.28,-116.55,19.0,15.990000000000009,1.12,60.78200000000002,66.2
682,Salisbury,75,GB,56,51.07,-1.8,25.560000000000002,23.110000000000014,5.7,73.59800000000003,78.00800000000001
683,Chatellerault,0,FR,37,46.8,0.53,29.439999999999998,28.200000000000045,4.6,82.76000000000008,84.99199999999999
684,Kamina,0,CD,17,-8.74,25.0,30.450000000000045,30.450000000000045,2.43,86.81000000000009,86.81000000000009
685,Champasak,40,LA,88,14.89,105.88,26.0,26.0,1.0,78.80000000000001,78.80000000000001
686,San Quintin,0,PH,87,17.54,120.52,24.850000000000023,24.850000000000023,0.97,76.73000000000005,76.73000000000005
687,Bay-Khaak,100,RU,64,51.16,94.47,16.75,16.75,4.04,62.150000000000006,62.150000000000006
688,Chulym,5,RU,77,55.09,80.97,15.850000000000023,15.850000000000023,0.8,60.530000000000044,60.530000000000044
689,Vila do Maio,20,CV,54,15.13,-23.22,28.0,28.0,6.2,82.4,82.4
690,Bambanglipuro,5,ID,83,-7.95,110.28,24.450000000000045,24.450000000000045,7.68,76.01000000000008,76.01000000000008
691,Moore,20,US,83,35.34,-97.49,26.110000000000014,25.100000000000023,3.6,77.18000000000004,78.99800000000002
692,Hirara,0,JP,84,24.8,125.28,28.950000000000045,28.950000000000045,8.31,84.11000000000008,84.11000000000008
693,Warman,40,CA,88,52.32,-106.58,18.33000000000004,17.460000000000036,4.1,63.42800000000007,64.99400000000009
694,Emerald,0,AU,82,-23.53,148.16,13.0,11.080000000000041,0.86,51.944000000000074,55.400000000000006
695,Jining,75,CN,45,35.41,116.58,30.0,30.0,2.44,86.0,86.0
696,Havelock,75,US,78,34.88,-76.9,29.439999999999998,27.180000000000007,1.5,80.924,84.99199999999999
697,Sawakin,16,SD,6,19.1,37.33,39.25,39.25,7.28,102.65,102.65
698,Tura,40,RU,89,64.27,100.22,11.950000000000045,11.950000000000045,1.95,53.51000000000008,53.51000000000008
699,Scarborough,13,GB,64,54.28,-0.41,23.33000000000004,21.720000000000027,4.1,71.09600000000006,73.99400000000009
700,Pasighat,100,IN,99,28.06,95.33,20.25,20.25,1.02,68.45,68.45
701,Almeirim,3,BR,57,-1.53,-52.58,30.150000000000034,30.150000000000034,2.79,86.27000000000007,86.27000000000007
702,Hanko,89,FI,87,59.83,22.95,14.439999999999998,14.439999999999998,3.64,57.992,57.992
703,Mamallapuram,75,IN,49,12.63,80.17,33.0,33.0,5.1,91.4,91.4
704,Mokolo,75,CM,94,10.74,13.8,23.0,23.0,3.6,73.4,73.4
705,Shache,1,CN,88,38.42,77.24,25.560000000000002,25.560000000000002,4.85,78.00800000000001,78.00800000000001
706,Koumac,0,NC,73,-20.56,164.28,21.950000000000045,21.950000000000045,6.15,71.51000000000008,71.51000000000008
707,Lac du Bonnet,67,CA,91,50.25,-96.06,20.560000000000002,19.100000000000023,0.45,66.38000000000005,69.00800000000001
708,San Luis,100,AR,57,-33.3,-66.34,14.25,14.25,1.38,57.650000000000006,57.650000000000006
709,Vizinga,36,RU,55,61.08,50.08,13.850000000000023,13.850000000000023,2.14,56.93000000000004,56.93000000000004
710,Barkhan,0,PK,13,29.9,69.52,35.85000000000002,35.85000000000002,6.06,96.53000000000004,96.53000000000004
711,Thinadhoo,81,MV,76,0.53,72.93,29.05000000000001,29.05000000000001,3.81,84.29000000000002,84.29000000000002
712,Beni,100,CD,86,0.49,29.47,22.950000000000045,22.950000000000045,0.75,73.31000000000009,73.31000000000009
713,Kalemie,3,CD,31,-5.95,29.2,27.450000000000045,27.450000000000045,3.59,81.41000000000008,81.41000000000008
714,Aleksandrovka,81,RU,72,54.24,50.04,19.450000000000045,19.450000000000045,2.69,67.01000000000008,67.01000000000008
715,Fairview,75,CA,93,56.07,-118.38,12.78000000000003,11.930000000000007,1.0,53.47400000000002,55.004000000000055
716,Port Macquarie,0,AU,41,-31.43,152.91,15.0,12.770000000000039,4.1,54.986000000000075,59.0
717,Pangody,100,RU,82,65.85,74.49,18.450000000000045,18.450000000000045,9.83,65.2100000000001,65.2100000000001
718,Coahuayana,100,MX,95,18.62,-100.35,21.75,21.75,0.52,71.15,71.15
719,Xichang,100,CN,98,27.88,102.25,14.850000000000023,14.850000000000023,1.22,58.73000000000005,58.73000000000005
720,Ambulu,64,ID,87,-8.35,113.61,24.05000000000001,24.05000000000001,5.55,75.29000000000002,75.29000000000002
721,Hohoe,88,GH,75,7.15,0.48,28.05000000000001,28.05000000000001,1.58,82.49000000000002,82.49000000000002
722,Uglegorskiy,100,RU,62,48.24,41.25,20.25,20.25,4.95,68.45,68.45
723,Tsiroanomandidy,0,MG,46,-18.77,46.05,20.75,20.75,2.95,69.35,69.35
724,Veydelevka,100,RU,74,50.15,38.45,18.850000000000023,18.850000000000023,3.02,65.93000000000004,65.93000000000004
725,Victor Harbor,75,AU,87,-35.55,138.62,13.330000000000041,12.710000000000036,8.2,54.87800000000007,55.99400000000007
726,Popondetta,69,PG,68,-8.77,148.24,14.650000000000034,14.650000000000034,2.49,58.37000000000006,58.37000000000006
727,Hualmay,100,PE,87,-11.1,-77.61,16.950000000000045,16.950000000000045,5.43,62.51000000000008,62.51000000000008
728,San Francisco,20,CO,52,1.17,-76.88,19.0,19.0,0.88,66.2,66.2
729,Clyde River,90,CA,81,70.47,-68.59,7.0,7.0,6.2,44.6,44.6
730,Pag,0,HR,39,44.45,15.06,26.0,26.0,6.7,78.80000000000001,78.80000000000001
731,Pokhara,100,NP,93,28.21,83.99,14.75,14.75,0.2,58.55,58.55
732,Alyangula,43,AU,88,-13.85,136.42,21.0,21.0,4.51,69.80000000000001,69.80000000000001
733,Pedasi,100,PA,75,7.53,-80.03,26.350000000000023,26.350000000000023,2.06,79.43000000000004,79.43000000000004
734,Boras,0,SE,40,57.72,12.94,23.890000000000043,21.879999999999995,3.1,71.38399999999999,75.00200000000008
735,Tazovskiy,100,RU,89,67.47,78.7,11.150000000000034,11.150000000000034,8.65,52.070000000000064,52.070000000000064
736,Singaraja,18,ID,71,-8.11,115.08,26.150000000000034,26.150000000000034,2.63,79.07000000000006,79.07000000000006
737,Kasongo-Lunda,26,CD,21,-6.48,16.82,32.450000000000045,32.450000000000045,1.93,90.41000000000008,90.41000000000008
738,Olga,75,US,93,34.11,-118.17,18.33000000000004,17.370000000000005,1.17,63.266000000000005,64.99400000000009
739,Yeniseysk,0,RU,67,58.45,92.17,14.650000000000034,14.650000000000034,1.59,58.37000000000006,58.37000000000006
740,Muros,0,ES,51,42.77,-9.06,31.110000000000014,26.27000000000004,4.1,79.28600000000007,87.99800000000002
741,Tommot,47,RU,94,58.97,126.27,15.850000000000023,15.850000000000023,0.83,60.530000000000044,60.530000000000044
742,Alakurtti,100,RU,45,66.96,30.34,13.890000000000043,13.890000000000043,3.13,57.00200000000008,57.00200000000008
743,Novyy Urgal,100,RU,88,51.07,132.56,18.650000000000034,18.650000000000034,0.35,65.57000000000006,65.57000000000006
744,Carlisle,40,GB,93,54.89,-2.94,20.0,18.27000000000004,6.7,64.88600000000008,68.0
745,Ishigaki,7,JP,85,24.34,124.16,29.05000000000001,29.05000000000001,8.77,84.29000000000002,84.29000000000002
746,Iberia,0,PE,45,-11.41,-69.49,30.450000000000045,30.450000000000045,1.7,86.81000000000009,86.81000000000009
747,Paso de Carrasco,100,UY,76,-34.86,-56.05,13.330000000000041,13.120000000000005,1.0,55.616000000000014,55.99400000000007
748,Markova,40,RU,77,52.21,104.21,21.0,21.0,7.0,69.80000000000001,69.80000000000001
749,Beinamar,100,TD,97,8.67,15.38,21.25,21.25,2.77,70.25,70.25
750,Antalaha,68,MG,95,-14.9,50.28,18.650000000000034,18.650000000000034,0.52,65.57000000000006,65.57000000000006
751,Ranong,100,TH,70,9.96,98.62,28.350000000000023,28.350000000000023,1.76,83.03000000000004,83.03000000000004
752,Vineland,90,CA,78,43.15,-79.39,26.670000000000016,25.430000000000007,7.7,77.77400000000002,80.00600000000003
753,Taua,4,BR,46,-3.62,-49.62,31.55000000000001,31.55000000000001,3.2,88.79000000000002,88.79000000000002
754,Taikang,32,CN,83,46.86,124.44,20.55000000000001,20.55000000000001,3.19,68.99000000000002,68.99000000000002
755,Rundu,0,NA,13,-17.91,19.77,28.0,28.0,1.0,82.4,82.4
756,Fort Saint James,100,CA,86,54.43,-124.25,12.850000000000023,12.850000000000023,0.27,55.13000000000004,55.13000000000004
757,Manokwari,18,ID,85,-0.87,134.08,22.55000000000001,22.55000000000001,1.85,72.59000000000003,72.59000000000003
758,Lugovoy,1,RU,85,59.72,65.88,19.450000000000045,19.450000000000045,3.76,67.01000000000008,67.01000000000008
759,Hella,100,BF,60,10.47,-3.27,29.650000000000034,29.650000000000034,2.62,85.37000000000006,85.37000000000006
760,Soc Trang,20,VN,83,9.6,105.98,27.0,27.0,1.5,80.6,80.6
761,Haines Junction,100,CA,56,60.75,-137.51,11.950000000000045,11.950000000000045,1.96,53.51000000000008,53.51000000000008
762,Stephenville,75,CA,67,48.55,-58.59,14.0,14.0,2.6,57.2,57.2
763,Uklana Mandi,0,IN,24,29.5,75.88,40.150000000000034,40.150000000000034,2.17,104.27000000000007,104.27000000000007
764,Homer,1,US,87,59.64,-151.54,12.78000000000003,11.660000000000025,5.54,52.98800000000004,55.004000000000055
765,Dzhebariki-Khaya,19,RU,93,62.22,135.8,17.350000000000023,17.350000000000023,1.17,63.23000000000005,63.23000000000005
766,Sal Rei,20,CV,65,16.18,-22.92,27.0,26.58000000000004,5.1,79.84400000000008,80.6
767,Locri,40,IT,51,38.24,16.26,29.439999999999998,28.83000000000004,2.6,83.89400000000008,84.99199999999999
768,Perevolotskiy,46,RU,49,51.88,54.19,23.25,23.25,2.46,73.85,73.85
769,Mapastepec,37,MX,66,15.44,-92.9,28.25,28.25,1.35,82.85,82.85
770,Matata,0,NZ,95,-37.89,176.76,9.439999999999998,7.020000000000039,1.09,44.63600000000007,48.992
771,Gat,40,SN,62,14.69,-16.54,29.0,29.0,6.7,84.2,84.2
772,Kuryk,0,KZ,34,43.18,51.68,32.05000000000001,32.05000000000001,5.25,89.69000000000003,89.69000000000003
773,Ponta Delgada,20,PT,83,37.73,-25.67,22.0,22.0,4.6,71.6,71.6
774,Bonga,96,ET,95,7.26,36.25,18.650000000000034,18.650000000000034,0.35,65.57000000000006,65.57000000000006
775,Amahai,77,ID,79,-3.31,129.0,24.75,24.75,5.61,76.55000000000001,76.55000000000001
776,Farafangana,0,MG,90,-22.82,47.83,17.75,17.75,1.12,63.95,63.95
777,Salvador,40,BR,61,-12.98,-38.48,27.0,27.0,5.1,80.6,80.6
778,Chama,49,ZM,20,-11.22,33.16,27.350000000000023,27.350000000000023,2.66,81.23000000000005,81.23000000000005
779,Eagle Pass,40,MX,73,28.71,-100.5,25.0,24.49000000000001,2.6,76.08200000000002,77.0
780,Altagracia de Orituco,20,VE,51,9.86,-66.38,27.75,27.75,1.38,81.95,81.95
781,Csany,0,HU,33,47.65,19.83,26.670000000000016,24.879999999999995,7.2,76.78399999999999,80.00600000000003
782,Zambezi,0,ZM,14,-13.55,23.12,28.650000000000034,28.650000000000034,3.37,83.57000000000006,83.57000000000006
783,Aykhal,90,RU,33,65.95,111.51,24.0,24.0,2.0,75.2,75.2
784,Kodinsk,78,RU,61,58.6,99.18,16.150000000000034,16.150000000000034,1.68,61.070000000000064,61.070000000000064
785,Nichinan,97,JP,88,31.65,131.31,23.890000000000043,23.860000000000014,4.02,74.94800000000004,75.00200000000008
786,Gazanjyk,0,TM,19,39.24,55.52,37.85000000000002,37.85000000000002,3.2,100.13000000000004,100.13000000000004
787,West Sacramento,1,US,77,38.58,-121.53,19.0,16.960000000000036,3.1,62.52800000000006,66.2
788,Bachaquero,5,VE,75,9.96,-71.12,28.75,28.75,4.92,83.75,83.75
789,Izazi,40,TZ,31,-7.24,35.72,27.450000000000045,27.450000000000045,6.02,81.41000000000008,81.41000000000008
790,Dubbo,0,AU,81,-32.25,148.6,6.0,6.0,0.5,42.8,42.8
791,Fairbanks,90,US,93,64.84,-147.72,17.220000000000027,16.32000000000005,2.1,61.37600000000009,62.99600000000005
792,Terme,40,TR,61,41.21,36.97,26.110000000000014,26.07000000000005,3.6,78.9260000000001,78.99800000000002
793,Kirkland Lake,75,CA,83,48.15,-80.03,21.0,21.0,4.1,69.80000000000001,69.80000000000001
794,Puerto Ayacucho,75,CO,94,5.66,-67.63,24.0,24.0,4.21,75.2,75.2
795,Washougal,90,US,88,45.58,-122.35,18.0,16.720000000000027,0.98,62.096000000000046,64.4
796,Neiafu,75,TO,94,-18.65,-173.98,23.0,23.0,2.1,73.4,73.4
797,Corner Brook,90,CA,71,48.95,-57.95,14.0,12.490000000000009,2.1,54.48200000000001,57.2
798,Pokrovka,97,RU,94,43.95,131.63,13.450000000000045,13.450000000000045,1.59,56.21000000000008,56.21000000000008
799,Kangaatsiaq,97,GL,91,68.31,-53.46,5.350000000000023,5.350000000000023,4.36,41.63000000000004,41.63000000000004
800,Gorey,100,SO,64,3.22,43.63,26.25,26.25,6.55,79.25,79.25
801,Petropavlovsk-Kamchatskiy,90,RU,100,53.05,158.65,12.0,12.0,4.0,53.6,53.6
802,Koungheul,96,SN,34,13.98,-14.8,35.950000000000045,35.950000000000045,4.09,96.71000000000008,96.71000000000008
803,Chihuahua,68,MX,59,28.66,-106.08,23.33000000000004,22.49000000000001,1.34,72.48200000000003,73.99400000000009
804,Maumere,1,ID,74,-8.63,122.22,22.350000000000023,22.350000000000023,2.87,72.23000000000005,72.23000000000005
805,Melo,100,UY,83,-32.37,-54.17,17.450000000000045,17.450000000000045,2.12,63.41000000000008,63.41000000000008
806,Tabou,100,CI,72,4.42,-7.36,26.150000000000034,26.150000000000034,2.86,79.07000000000006,79.07000000000006
807,Kodinar,100,IN,76,20.79,70.7,28.05000000000001,28.05000000000001,6.75,82.49000000000002,82.49000000000002
808,Gharo,75,PK,59,24.74,67.58,32.0,32.0,7.7,89.6,89.6
809,Morehead,40,US,88,38.18,-83.43,25.0,24.58000000000004,2.68,76.24400000000009,77.0
810,Ipoti,100,NG,93,7.87,5.08,23.25,23.25,0.09,73.85,73.85
811,Atambua,0,ID,74,-9.11,124.89,24.850000000000023,24.850000000000023,7.82,76.73000000000005,76.73000000000005
812,Ust-Kuyga,0,RU,77,70.0,135.55,12.350000000000023,12.350000000000023,2.8,54.23000000000005,54.23000000000005
813,Aykino,98,RU,65,62.22,49.99,10.550000000000011,10.550000000000011,2.02,50.99000000000002,50.99000000000002
814,Skjervoy,0,NO,62,70.03,20.97,14.0,14.0,6.2,57.2,57.2
815,San Carlos,67,NI,1,11.12,-84.78,21.670000000000016,21.670000000000016,7.15,71.00600000000003,71.00600000000003
816,Juba,75,EE,62,57.82,26.93,15.0,14.29000000000002,3.6,57.72200000000004,59.0
817,Aplahoue,84,BJ,58,6.93,1.68,30.350000000000023,30.350000000000023,1.56,86.63000000000005,86.63000000000005
818,Venado Tuerto,100,AR,87,-33.75,-61.97,12.78000000000003,12.78000000000003,3.13,55.004000000000055,55.004000000000055
819,Baykalovo,90,RU,87,64.58,40.26,7.0,7.0,4.0,44.6,44.6
820,Yarada,75,IN,74,17.65,83.27,30.0,30.0,3.6,86.0,86.0
821,Svetlaya,100,RU,95,46.54,138.33,14.150000000000034,14.150000000000034,0.07,57.47000000000006,57.47000000000006
822,Arman,0,RU,75,59.7,150.17,14.75,14.75,1.28,58.55,58.55
823,Angoram,100,PG,94,-4.06,144.07,23.25,23.25,0.63,73.85,73.85
824,Preili,100,LV,90,56.29,26.72,13.450000000000045,13.450000000000045,1.64,56.21000000000008,56.21000000000008
825,Antsohihy,24,MG,76,-14.88,47.99,25.650000000000034,25.650000000000034,5.34,78.17000000000007,78.17000000000007
826,Baruun-Urt,22,MN,52,46.68,113.28,18.950000000000045,18.950000000000045,1.18,66.11000000000008,66.11000000000008
827,Itaituba,20,BR,78,-4.26,-55.99,28.0,28.0,2.59,82.4,82.4
828,Alekseyevsk,1,RU,47,57.84,108.35,19.75,19.75,1.52,67.55000000000001,67.55000000000001
829,Bahia Honda,100,CU,70,22.9,-83.16,28.650000000000034,28.650000000000034,4.76,83.57000000000006,83.57000000000006
830,Majene,51,ID,77,-3.54,118.97,27.150000000000034,27.150000000000034,9.68,80.87000000000006,80.87000000000006
831,Kyzyl-Suu,0,KG,70,42.34,78.0,20.450000000000045,20.450000000000045,1.04,68.81000000000009,68.81000000000009
832,Amuntai,45,ID,92,-2.42,115.25,23.05000000000001,23.05000000000001,0.95,73.49000000000002,73.49000000000002
833,Inverness,75,GB,93,57.48,-4.23,17.0,16.03000000000003,1.5,60.854000000000056,62.6
834,Lazaro Cardenas,66,MX,59,28.39,-105.62,23.33000000000004,22.77000000000004,1.34,72.98600000000008,73.99400000000009
835,Samana,75,EC,88,0.12,-76.97,23.0,23.0,0.5,73.4,73.4
836,Dwarka,75,IN,42,28.58,77.04,38.0,36.33000000000004,3.6,97.39400000000008,100.4
837,Brockville,1,CA,83,44.59,-75.69,25.0,24.170000000000016,3.6,75.50600000000003,77.0
838,Ola,0,RU,84,59.58,151.3,9.850000000000023,9.850000000000023,0.68,49.73000000000005,49.73000000000005
839,Teacapan,76,MX,72,22.54,-105.74,28.05000000000001,28.05000000000001,3.64,82.49000000000002,82.49000000000002
840,Praia da Vitoria,20,PT,73,38.73,-27.07,24.0,23.939999999999998,2.37,75.092,75.2
841,Grand Bank,75,CA,71,47.1,-55.77,13.0,12.860000000000014,7.2,55.148000000000025,55.400000000000006
842,Salinas,20,US,82,36.67,-121.66,16.110000000000014,13.870000000000005,0.92,56.96600000000001,60.998000000000026
843,Tarakan,15,ID,77,3.3,117.63,27.150000000000034,27.150000000000034,2.02,80.87000000000006,80.87000000000006
844,Sturgis,0,CA,86,51.94,-102.54,19.25,19.25,5.54,66.65,66.65
845,Hobyo,7,SO,65,5.35,48.53,27.55000000000001,27.55000000000001,11.77,81.59000000000003,81.59000000000003
846,Port Pirie,75,AU,82,-33.18,138.01,13.0,13.0,4.1,55.400000000000006,55.400000000000006
847,Semiletka,33,RU,83,55.36,54.62,18.850000000000023,18.850000000000023,3.6,65.93000000000004,65.93000000000004
848,Campo Verde,0,PE,83,-8.47,-74.81,25.0,25.0,1.5,77.0,77.0
849,Tamalameque,74,CO,61,8.86,-73.82,31.650000000000034,31.650000000000034,0.69,88.97000000000006,88.97000000000006
850,Smithers,75,CA,100,54.78,-127.17,12.0,12.0,1.0,53.6,53.6
851,Buncrana,75,GB,77,55.14,-7.45,18.0,16.939999999999998,6.7,62.492,64.4
852,Ushumun,30,RU,77,52.78,126.54,18.450000000000045,18.450000000000045,0.71,65.2100000000001,65.2100000000001
853,Panaba,82,MX,64,21.28,-88.27,30.25,30.25,2.12,86.45,86.45
854,Arica,90,CL,63,-18.48,-70.32,17.0,14.82000000000005,3.1,58.67600000000009,62.6
855,Bolivar,1,US,83,37.61,-93.41,23.890000000000043,22.090000000000032,2.6,71.76200000000006,75.00200000000008
856,Simga,40,IN,83,21.63,81.7,28.0,28.0,8.7,82.4,82.4
857,Ponot,67,PH,80,8.45,123.02,25.450000000000045,25.450000000000045,1.03,77.81000000000009,77.81000000000009
858,Tambo,0,PE,31,-12.95,-74.02,9.0,9.0,1.0,48.2,48.2
859,Bud,13,NO,77,62.91,6.91,19.439999999999998,17.430000000000007,7.7,63.37400000000001,66.99199999999999
860,Oparino,96,RU,81,59.85,48.28,12.450000000000045,12.450000000000045,1.06,54.41000000000008,54.41000000000008
861,San Martin,1,US,87,37.08,-121.61,16.110000000000014,14.100000000000023,0.92,57.38000000000004,60.998000000000026
862,Ternate,20,PH,74,14.29,120.72,30.0,29.430000000000007,3.1,84.97400000000002,86.0
863,Whitianga,7,NZ,97,-36.83,175.7,10.0,10.0,1.66,50.0,50.0
864,Vilyuysk,35,RU,61,63.75,121.63,20.55000000000001,20.55000000000001,1.75,68.99000000000002,68.99000000000002
865,Puerto Baquerizo Moreno,40,EC,88,-0.9,-89.6,22.0,22.0,5.1,71.6,71.6
866,Vinh,100,VN,70,18.67,105.69,28.350000000000023,28.350000000000023,2.17,83.03000000000004,83.03000000000004
867,Desaguadero,0,PE,19,-16.56,-69.04,9.650000000000034,9.650000000000034,1.86,49.37000000000006,49.37000000000006
868,Lincoln,75,GB,56,53.23,-0.54,24.439999999999998,22.870000000000005,5.1,73.16600000000001,75.99199999999999
869,Quepos,0,CR,69,9.43,-84.16,24.0,22.83000000000004,4.1,73.09400000000008,75.2
870,Ambon,0,FR,41,47.55,-2.56,25.0,23.720000000000027,5.1,74.69600000000005,77.0
871,Kaabong,74,UG,79,3.51,34.14,22.55000000000001,22.55000000000001,1.34,72.59000000000003,72.59000000000003
872,Kotelnich,42,RU,83,58.31,48.34,14.350000000000023,14.350000000000023,1.67,57.83000000000004,57.83000000000004
873,Sturgeon Falls,90,CA,94,46.36,-79.93,21.670000000000016,20.950000000000045,9.3,69.7100000000001,71.00600000000003
874,Troitskoye,0,RU,80,52.98,84.68,17.150000000000034,17.150000000000034,3.12,62.87000000000006,62.87000000000006
875,Mexicali,5,MX,30,32.62,-115.44,27.0,27.0,2.6,80.6,80.6
876,Castlemaine,100,AU,91,-37.07,144.22,9.439999999999998,8.610000000000014,2.24,47.498000000000026,48.992
877,Iranshahr,40,IR,22,27.21,60.69,43.0,43.0,5.1,109.4,109.4
878,Buta,98,CD,92,2.79,24.73,25.25,25.25,1.32,77.45,77.45
879,Luau,0,CD,15,-10.7,22.23,30.55000000000001,30.55000000000001,2.67,86.99000000000002,86.99000000000002
880,Bilibino,86,RU,48,68.06,166.44,16.850000000000023,16.850000000000023,2.0,62.33000000000004,62.33000000000004
881,Neftegorsk,100,RU,61,52.8,51.16,20.650000000000034,20.650000000000034,4.22,69.17000000000007,69.17000000000007
882,Santa Catalina,95,UY,93,-33.79,-57.49,13.330000000000041,13.330000000000041,2.02,55.99400000000007,55.99400000000007
883,San Jose,1,HN,83,14.25,-87.96,22.0,22.0,1.21,71.6,71.6
884,Balabac,7,PH,79,7.99,117.06,27.25,27.25,3.09,81.05000000000001,81.05000000000001
885,Tarbes,20,FR,57,43.23,0.08,32.78000000000003,30.480000000000018,2.6,86.86400000000003,91.00400000000005
886,Kolokani,59,ML,45,13.58,-8.03,33.05000000000001,33.05000000000001,2.12,91.49000000000002,91.49000000000002
887,Mandera,84,ET,42,3.94,41.86,31.350000000000023,31.350000000000023,7.49,88.43000000000004,88.43000000000004
888,Cairns,90,AU,83,-16.92,145.77,22.0,19.590000000000032,3.6,67.26200000000006,71.6
889,Bisira,76,PA,71,8.52,-81.71,26.05000000000001,26.05000000000001,0.65,78.89000000000001,78.89000000000001
890,Bilma,27,NE,4,18.69,12.92,40.950000000000045,40.950000000000045,4.51,105.71000000000008,105.71000000000008
891,Goderich,0,CA,84,43.74,-81.71,24.439999999999998,22.680000000000007,4.02,72.82400000000001,75.99199999999999
892,Derventa,0,BA,33,44.98,17.91,26.110000000000014,24.75,1.5,76.55000000000001,78.99800000000002
893,Kabakovo,0,RU,41,54.54,56.15,24.0,23.930000000000007,7.0,75.07400000000001,75.2
894,Exeter,40,GB,56,50.73,-3.53,25.0,22.24000000000001,2.6,72.03200000000001,77.0
895,Lewistown,1,US,78,40.39,-90.15,25.0,23.140000000000043,5.7,73.65200000000007,77.0
